[0m14:07:41.614027 [debug] [MainThread]: Sending event: {'category': 'dbt', 'action': 'invocation', 'label': 'start', 'context': [<snowplow_tracker.self_describing_json.SelfDescribingJson object at 0x00000187B89F7470>, <snowplow_tracker.self_describing_json.SelfDescribingJson object at 0x00000187B8671580>, <snowplow_tracker.self_describing_json.SelfDescribingJson object at 0x00000187B8328740>]}


============================== 14:07:41.621571 | 1a07bbf3-847d-40ea-b4df-24942331b237 ==============================
[0m14:07:41.621571 [info ] [MainThread]: Running with dbt=1.10.13
[0m14:07:41.621571 [debug] [MainThread]: running dbt with arguments {'log_format': 'default', 'printer_width': '80', 'write_json': 'True', 'invocation_command': 'dbt debug', 'profiles_dir': 'C:\\Users\\AkankshaChouksey\\.dbt', 'warn_error': 'None', 'log_path': 'C:\\Users\\AkankshaChouksey\\Downloads\\Snowflake_traning\\dbtprj\\mkmall\\logs', 'partial_parse': 'True', 'fail_fast': 'False', 'send_anonymous_usage_stats': 'True', 'indirect_selection': 'eager', 'warn_error_options': 'WarnErrorOptionsV2(error=[], warn=[], silence=[])', 'static_parser': 'True', 'version_check': 'True', 'use_experimental_parser': 'False', 'introspect': 'True', 'quiet': 'False', 'empty': 'None', 'log_cache_events': 'False', 'debug': 'False', 'no_print': 'None', 'use_colors': 'True', 'cache_selected_only': 'False', 'target_path': 'None'}
[0m14:07:41.672392 [info ] [MainThread]: dbt version: 1.10.13
[0m14:07:41.672392 [info ] [MainThread]: python version: 3.12.0
[0m14:07:41.684406 [info ] [MainThread]: python path: C:\Users\AkankshaChouksey\miniconda3\envs\env-dbt\python.exe
[0m14:07:41.684935 [info ] [MainThread]: os info: Windows-11-10.0.26100-SP0
[0m14:07:42.010160 [debug] [MainThread]: Snowflake adapter: Setting snowflake.connector to ERROR (file logging only)
[0m14:07:42.017424 [debug] [MainThread]: Snowflake adapter: Setting botocore to ERROR (file logging only)
[0m14:07:42.017424 [debug] [MainThread]: Snowflake adapter: Setting boto3 to ERROR (file logging only)
[0m14:07:42.065015 [info ] [MainThread]: Using profiles dir at C:\Users\AkankshaChouksey\.dbt
[0m14:07:42.065015 [info ] [MainThread]: Using profiles.yml file at C:\Users\AkankshaChouksey\.dbt\profiles.yml
[0m14:07:42.071637 [info ] [MainThread]: Using dbt_project.yml file at C:\Users\AkankshaChouksey\Downloads\Snowflake_traning\dbtprj\mkmall\dbt_project.yml
[0m14:07:42.073655 [info ] [MainThread]: adapter type: snowflake
[0m14:07:42.073655 [info ] [MainThread]: adapter version: 1.10.3
[0m14:07:42.144454 [info ] [MainThread]: Configuration:
[0m14:07:42.144454 [info ] [MainThread]:   profiles.yml file [[32mOK found and valid[0m]
[0m14:07:42.144454 [info ] [MainThread]:   dbt_project.yml file [[32mOK found and valid[0m]
[0m14:07:42.144454 [info ] [MainThread]: Required dependencies:
[0m14:07:42.157853 [debug] [MainThread]: Executing "git --help"
[0m14:07:42.986507 [debug] [MainThread]: STDOUT: "b"usage: git [-v | --version] [-h | --help] [-C <path>] [-c <name>=<value>]\n           [--exec-path[=<path>]] [--html-path] [--man-path] [--info-path]\n           [-p | --paginate | -P | --no-pager] [--no-replace-objects] [--no-lazy-fetch]\n           [--no-optional-locks] [--no-advice] [--bare] [--git-dir=<path>]\n           [--work-tree=<path>] [--namespace=<name>] [--config-env=<name>=<envvar>]\n           <command> [<args>]\n\nThese are common Git commands used in various situations:\n\nstart a working area (see also: git help tutorial)\n   clone      Clone a repository into a new directory\n   init       Create an empty Git repository or reinitialize an existing one\n\nwork on the current change (see also: git help everyday)\n   add        Add file contents to the index\n   mv         Move or rename a file, a directory, or a symlink\n   restore    Restore working tree files\n   rm         Remove files from the working tree and from the index\n\nexamine the history and state (see also: git help revisions)\n   bisect     Use binary search to find the commit that introduced a bug\n   diff       Show changes between commits, commit and working tree, etc\n   grep       Print lines matching a pattern\n   log        Show commit logs\n   show       Show various types of objects\n   status     Show the working tree status\n\ngrow, mark and tweak your common history\n   backfill   Download missing objects in a partial clone\n   branch     List, create, or delete branches\n   commit     Record changes to the repository\n   merge      Join two or more development histories together\n   rebase     Reapply commits on top of another base tip\n   reset      Reset current HEAD to the specified state\n   switch     Switch branches\n   tag        Create, list, delete or verify a tag object signed with GPG\n\ncollaborate (see also: git help workflows)\n   fetch      Download objects and refs from another repository\n   pull       Fetch from and integrate with another repository or a local branch\n   push       Update remote refs along with associated objects\n\n'git help -a' and 'git help -g' list available subcommands and some\nconcept guides. See 'git help <command>' or 'git help <concept>'\nto read about a specific subcommand or concept.\nSee 'git help git' for an overview of the system.\n""
[0m14:07:42.986507 [debug] [MainThread]: STDERR: "b''"
[0m14:07:42.989442 [info ] [MainThread]:  - git [[32mOK found[0m]

[0m14:07:42.989442 [info ] [MainThread]: Connection:
[0m14:07:42.989442 [info ] [MainThread]:   account: LOB14208
[0m14:07:42.991896 [info ] [MainThread]:   user: sachin
[0m14:07:42.993516 [info ] [MainThread]:   database: analytics
[0m14:07:42.993516 [info ] [MainThread]:   warehouse: transform_wh
[0m14:07:42.993516 [info ] [MainThread]:   role: analyticsengineer
[0m14:07:42.993516 [info ] [MainThread]:   schema: sourcedb.mk_mall
[0m14:07:42.993516 [info ] [MainThread]:   authenticator: None
[0m14:07:42.993516 [info ] [MainThread]:   oauth_client_id: None
[0m14:07:42.993516 [info ] [MainThread]:   query_tag: None
[0m14:07:42.993516 [info ] [MainThread]:   client_session_keep_alive: False
[0m14:07:42.993516 [info ] [MainThread]:   host: None
[0m14:07:43.000306 [info ] [MainThread]:   port: None
[0m14:07:43.000306 [info ] [MainThread]:   proxy_host: None
[0m14:07:43.000306 [info ] [MainThread]:   proxy_port: None
[0m14:07:43.000306 [info ] [MainThread]:   protocol: None
[0m14:07:43.000306 [info ] [MainThread]:   connect_retries: 1
[0m14:07:43.000306 [info ] [MainThread]:   connect_timeout: None
[0m14:07:43.000306 [info ] [MainThread]:   retry_on_database_errors: False
[0m14:07:43.000306 [info ] [MainThread]:   retry_all: False
[0m14:07:43.000306 [info ] [MainThread]:   insecure_mode: False
[0m14:07:43.000306 [info ] [MainThread]:   reuse_connections: True
[0m14:07:43.000306 [info ] [MainThread]:   s3_stage_vpce_dns_name: None
[0m14:07:43.000306 [info ] [MainThread]:   platform_detection_timeout_seconds: 0.0
[0m14:07:43.000306 [info ] [MainThread]: Registered adapter: snowflake=1.10.3
[0m14:07:43.189335 [debug] [MainThread]: Acquiring new snowflake connection 'debug'
[0m14:07:43.319716 [debug] [MainThread]: Using snowflake connection "debug"
[0m14:07:43.319716 [debug] [MainThread]: On debug: select 1 as id
[0m14:07:43.319716 [debug] [MainThread]: Opening a new connection, currently in state init
[0m14:07:45.654956 [debug] [MainThread]: SQL status: SUCCESS 1 in 2.338 seconds
[0m14:07:45.654956 [info ] [MainThread]:   Connection test: [[32mOK connection ok[0m]

[0m14:07:45.654956 [info ] [MainThread]: [32mAll checks passed![0m
[0m14:07:45.654956 [debug] [MainThread]: Command `dbt debug` succeeded at 14:07:45.654956 after 4.31 seconds
[0m14:07:45.654956 [debug] [MainThread]: Connection 'debug' was left open.
[0m14:07:45.654956 [debug] [MainThread]: On debug: Close
[0m14:07:46.495263 [debug] [MainThread]: Sending event: {'category': 'dbt', 'action': 'invocation', 'label': 'end', 'context': [<snowplow_tracker.self_describing_json.SelfDescribingJson object at 0x00000187B8A13E30>, <snowplow_tracker.self_describing_json.SelfDescribingJson object at 0x00000187BA9834A0>, <snowplow_tracker.self_describing_json.SelfDescribingJson object at 0x00000187BAE0C5C0>]}
[0m14:07:46.511224 [debug] [MainThread]: Flushing usage events
[0m14:07:48.136586 [debug] [MainThread]: An error was encountered while trying to flush usage events
[0m14:17:33.468966 [debug] [MainThread]: Sending event: {'category': 'dbt', 'action': 'invocation', 'label': 'start', 'context': [<snowplow_tracker.self_describing_json.SelfDescribingJson object at 0x0000019561926930>, <snowplow_tracker.self_describing_json.SelfDescribingJson object at 0x00000195645770E0>, <snowplow_tracker.self_describing_json.SelfDescribingJson object at 0x0000019564577170>]}


============================== 14:17:33.471977 | 7f3a9a70-1d70-4fe3-9be8-84fecb7b0b75 ==============================
[0m14:17:33.471977 [info ] [MainThread]: Running with dbt=1.10.13
[0m14:17:33.471977 [debug] [MainThread]: running dbt with arguments {'write_json': 'True', 'printer_width': '80', 'log_format': 'default', 'profiles_dir': 'C:\\Users\\AkankshaChouksey\\.dbt', 'use_colors': 'True', 'warn_error': 'None', 'indirect_selection': 'eager', 'fail_fast': 'False', 'log_path': 'C:\\Users\\AkankshaChouksey\\Downloads\\Snowflake_traning\\dbtprj\\mkmall\\logs', 'send_anonymous_usage_stats': 'True', 'partial_parse': 'True', 'warn_error_options': 'WarnErrorOptionsV2(error=[], warn=[], silence=[])', 'static_parser': 'True', 'version_check': 'True', 'use_experimental_parser': 'False', 'introspect': 'True', 'quiet': 'False', 'empty': 'False', 'log_cache_events': 'False', 'debug': 'False', 'no_print': 'None', 'invocation_command': 'dbt compile', 'cache_selected_only': 'False', 'target_path': 'None'}
[0m14:17:33.750057 [debug] [MainThread]: Snowflake adapter: Setting snowflake.connector to ERROR (file logging only)
[0m14:17:33.757434 [debug] [MainThread]: Snowflake adapter: Setting botocore to ERROR (file logging only)
[0m14:17:33.757434 [debug] [MainThread]: Snowflake adapter: Setting boto3 to ERROR (file logging only)
[0m14:17:33.954700 [debug] [MainThread]: Sending event: {'category': 'dbt', 'action': 'project_id', 'label': '7f3a9a70-1d70-4fe3-9be8-84fecb7b0b75', 'context': [<snowplow_tracker.self_describing_json.SelfDescribingJson object at 0x000001956668A6F0>]}
[0m14:17:34.008084 [debug] [MainThread]: Sending event: {'category': 'dbt', 'action': 'adapter_info', 'label': '7f3a9a70-1d70-4fe3-9be8-84fecb7b0b75', 'context': [<snowplow_tracker.self_describing_json.SelfDescribingJson object at 0x00000195668F2CF0>]}
[0m14:17:34.008084 [info ] [MainThread]: Registered adapter: snowflake=1.10.3
[0m14:17:34.190897 [debug] [MainThread]: checksum: 9f0c81e2574b4ff463f3d16d080df83c6982fc0372c9feeacae0504ac9ea3ffe, vars: {}, profile: , target: , version: 1.10.13
[0m14:17:34.190897 [info ] [MainThread]: Unable to do partial parsing because saved manifest not found. Starting full parse.
[0m14:17:34.190897 [debug] [MainThread]: Sending event: {'category': 'dbt', 'action': 'partial_parser', 'label': '7f3a9a70-1d70-4fe3-9be8-84fecb7b0b75', 'context': [<snowplow_tracker.self_describing_json.SelfDescribingJson object at 0x0000019566A7CA40>]}
[0m14:17:35.226547 [debug] [MainThread]: Sending event: {'category': 'dbt', 'action': 'load_project', 'label': '7f3a9a70-1d70-4fe3-9be8-84fecb7b0b75', 'context': [<snowplow_tracker.self_describing_json.SelfDescribingJson object at 0x0000019566E6D400>]}
[0m14:17:35.269921 [debug] [MainThread]: Wrote artifact WritableManifest to C:\Users\AkankshaChouksey\Downloads\Snowflake_traning\dbtprj\mkmall\target\manifest.json
[0m14:17:35.301793 [debug] [MainThread]: Wrote artifact SemanticManifest to C:\Users\AkankshaChouksey\Downloads\Snowflake_traning\dbtprj\mkmall\target\semantic_manifest.json
[0m14:17:35.333199 [debug] [MainThread]: Sending event: {'category': 'dbt', 'action': 'resource_counts', 'label': '7f3a9a70-1d70-4fe3-9be8-84fecb7b0b75', 'context': [<snowplow_tracker.self_describing_json.SelfDescribingJson object at 0x00000195670C9B80>]}
[0m14:17:35.333199 [info ] [MainThread]: Found 2 models, 4 data tests, 494 macros
[0m14:17:35.333199 [debug] [MainThread]: Sending event: {'category': 'dbt', 'action': 'runnable_timing', 'label': '7f3a9a70-1d70-4fe3-9be8-84fecb7b0b75', 'context': [<snowplow_tracker.self_describing_json.SelfDescribingJson object at 0x0000019566A51DF0>]}
[0m14:17:35.342995 [info ] [MainThread]: 
[0m14:17:35.342995 [info ] [MainThread]: Concurrency: 3 threads (target='dev')
[0m14:17:35.342995 [info ] [MainThread]: 
[0m14:17:35.342995 [debug] [MainThread]: Acquiring new snowflake connection 'master'
[0m14:17:35.345866 [debug] [ThreadPool]: Acquiring new snowflake connection 'list_analytics_sourcedb.mk_mall'
[0m14:17:35.486103 [debug] [ThreadPool]: Using snowflake connection "list_analytics_sourcedb.mk_mall"
[0m14:17:35.487805 [debug] [ThreadPool]: On list_analytics_sourcedb.mk_mall: show objects in analytics.sourcedb.mk_mall
    limit 10000
    

/* {"app": "dbt", "dbt_version": "1.10.13", "profile_name": "mkmall", "target_name": "dev", "connection_name": "list_analytics_sourcedb.mk_mall"} */;
[0m14:17:35.487805 [debug] [ThreadPool]: Opening a new connection, currently in state init
[0m14:17:37.085304 [debug] [ThreadPool]: Snowflake adapter: Snowflake query id: 01c050ef-0306-f78f-0015-0a4b0009157a
[0m14:17:37.086306 [debug] [ThreadPool]: Snowflake adapter: Snowflake error: 002043 (02000): SQL compilation error:
Object does not exist, or operation cannot be performed.
[0m14:17:37.087305 [debug] [ThreadPool]: Snowflake adapter: Error running SQL: macro list_relations_without_caching
[0m14:17:37.088308 [debug] [ThreadPool]: Snowflake adapter: Rolling back transaction.
[0m14:17:37.091301 [debug] [MainThread]: Sending event: {'category': 'dbt', 'action': 'runnable_timing', 'label': '7f3a9a70-1d70-4fe3-9be8-84fecb7b0b75', 'context': [<snowplow_tracker.self_describing_json.SelfDescribingJson object at 0x0000019561AFE9C0>]}
[0m14:17:37.095149 [debug] [Thread-1 (]: Began running node model.mkmall.my_first_dbt_model
[0m14:17:37.095149 [debug] [Thread-1 (]: Acquiring new snowflake connection 'model.mkmall.my_first_dbt_model'
[0m14:17:37.095149 [debug] [Thread-1 (]: Began compiling node model.mkmall.my_first_dbt_model
[0m14:17:37.106722 [debug] [Thread-1 (]: Writing injected SQL for node "model.mkmall.my_first_dbt_model"
[0m14:17:37.108727 [debug] [Thread-1 (]: Began executing node model.mkmall.my_first_dbt_model
[0m14:17:37.108727 [debug] [Thread-1 (]: Finished running node model.mkmall.my_first_dbt_model
[0m14:17:37.108727 [debug] [Thread-3 (]: Began running node model.mkmall.my_second_dbt_model
[0m14:17:37.108727 [debug] [Thread-3 (]: Acquiring new snowflake connection 'model.mkmall.my_second_dbt_model'
[0m14:17:37.108727 [debug] [Thread-2 (]: Began running node test.mkmall.not_null_my_first_dbt_model_id.5fb22c2710
[0m14:17:37.108727 [debug] [Thread-1 (]: Began running node test.mkmall.unique_my_first_dbt_model_id.16e066b321
[0m14:17:37.108727 [debug] [Thread-3 (]: Began compiling node model.mkmall.my_second_dbt_model
[0m14:17:37.108727 [debug] [Thread-2 (]: Acquiring new snowflake connection 'test.mkmall.not_null_my_first_dbt_model_id.5fb22c2710'
[0m14:17:37.108727 [debug] [Thread-1 (]: Re-using an available connection from the pool (formerly model.mkmall.my_first_dbt_model, now test.mkmall.unique_my_first_dbt_model_id.16e066b321)
[0m14:17:37.117034 [debug] [Thread-3 (]: Writing injected SQL for node "model.mkmall.my_second_dbt_model"
[0m14:17:37.117034 [debug] [Thread-2 (]: Began compiling node test.mkmall.not_null_my_first_dbt_model_id.5fb22c2710
[0m14:17:37.117034 [debug] [Thread-1 (]: Began compiling node test.mkmall.unique_my_first_dbt_model_id.16e066b321
[0m14:17:37.122379 [debug] [Thread-2 (]: Writing injected SQL for node "test.mkmall.not_null_my_first_dbt_model_id.5fb22c2710"
[0m14:17:37.122379 [debug] [Thread-3 (]: Began executing node model.mkmall.my_second_dbt_model
[0m14:17:37.122379 [debug] [Thread-1 (]: Writing injected SQL for node "test.mkmall.unique_my_first_dbt_model_id.16e066b321"
[0m14:17:37.122379 [debug] [Thread-3 (]: Finished running node model.mkmall.my_second_dbt_model
[0m14:17:37.122379 [debug] [Thread-2 (]: Began executing node test.mkmall.not_null_my_first_dbt_model_id.5fb22c2710
[0m14:17:37.122379 [debug] [Thread-3 (]: Began running node test.mkmall.not_null_my_second_dbt_model_id.151b76d778
[0m14:17:37.122379 [debug] [Thread-1 (]: Began executing node test.mkmall.unique_my_first_dbt_model_id.16e066b321
[0m14:17:37.138031 [debug] [Thread-2 (]: Finished running node test.mkmall.not_null_my_first_dbt_model_id.5fb22c2710
[0m14:17:37.191924 [debug] [Thread-3 (]: Re-using an available connection from the pool (formerly model.mkmall.my_second_dbt_model, now test.mkmall.not_null_my_second_dbt_model_id.151b76d778)
[0m14:17:37.191924 [debug] [Thread-1 (]: Finished running node test.mkmall.unique_my_first_dbt_model_id.16e066b321
[0m14:17:37.194889 [debug] [Thread-2 (]: Began running node test.mkmall.unique_my_second_dbt_model_id.57a0f8c493
[0m14:17:37.194889 [debug] [Thread-3 (]: Began compiling node test.mkmall.not_null_my_second_dbt_model_id.151b76d778
[0m14:17:37.194889 [debug] [Thread-2 (]: Re-using an available connection from the pool (formerly test.mkmall.not_null_my_first_dbt_model_id.5fb22c2710, now test.mkmall.unique_my_second_dbt_model_id.57a0f8c493)
[0m14:17:37.194889 [debug] [Thread-3 (]: Writing injected SQL for node "test.mkmall.not_null_my_second_dbt_model_id.151b76d778"
[0m14:17:37.194889 [debug] [Thread-2 (]: Began compiling node test.mkmall.unique_my_second_dbt_model_id.57a0f8c493
[0m14:17:37.203340 [debug] [Thread-2 (]: Writing injected SQL for node "test.mkmall.unique_my_second_dbt_model_id.57a0f8c493"
[0m14:17:37.217917 [debug] [Thread-3 (]: Began executing node test.mkmall.not_null_my_second_dbt_model_id.151b76d778
[0m14:17:37.219984 [debug] [Thread-3 (]: Finished running node test.mkmall.not_null_my_second_dbt_model_id.151b76d778
[0m14:17:37.219984 [debug] [Thread-2 (]: Began executing node test.mkmall.unique_my_second_dbt_model_id.57a0f8c493
[0m14:17:37.221989 [debug] [Thread-2 (]: Finished running node test.mkmall.unique_my_second_dbt_model_id.57a0f8c493
[0m14:17:37.223992 [debug] [MainThread]: Connection 'master' was properly closed.
[0m14:17:37.223992 [debug] [MainThread]: Connection 'list_analytics_sourcedb.mk_mall' was left open.
[0m14:17:37.223992 [debug] [MainThread]: On list_analytics_sourcedb.mk_mall: Close
[0m14:17:37.816354 [debug] [MainThread]: Connection 'test.mkmall.unique_my_first_dbt_model_id.16e066b321' was properly closed.
[0m14:17:37.816354 [debug] [MainThread]: Connection 'test.mkmall.not_null_my_second_dbt_model_id.151b76d778' was properly closed.
[0m14:17:37.818376 [debug] [MainThread]: Connection 'test.mkmall.unique_my_second_dbt_model_id.57a0f8c493' was properly closed.
[0m14:17:37.818376 [debug] [MainThread]: Command end result
[0m14:17:37.837773 [debug] [MainThread]: Wrote artifact WritableManifest to C:\Users\AkankshaChouksey\Downloads\Snowflake_traning\dbtprj\mkmall\target\manifest.json
[0m14:17:37.837773 [debug] [MainThread]: Wrote artifact SemanticManifest to C:\Users\AkankshaChouksey\Downloads\Snowflake_traning\dbtprj\mkmall\target\semantic_manifest.json
[0m14:17:37.846350 [debug] [MainThread]: Wrote artifact RunExecutionResult to C:\Users\AkankshaChouksey\Downloads\Snowflake_traning\dbtprj\mkmall\target\run_results.json
[0m14:17:37.846350 [debug] [MainThread]: Command `dbt compile` succeeded at 14:17:37.846350 after 4.68 seconds
[0m14:17:37.846350 [debug] [MainThread]: Sending event: {'category': 'dbt', 'action': 'invocation', 'label': 'end', 'context': [<snowplow_tracker.self_describing_json.SelfDescribingJson object at 0x00000195642FB470>, <snowplow_tracker.self_describing_json.SelfDescribingJson object at 0x00000195644CB3E0>, <snowplow_tracker.self_describing_json.SelfDescribingJson object at 0x0000019563EFEBD0>]}
[0m14:17:37.848370 [debug] [MainThread]: Flushing usage events
[0m14:17:39.211122 [debug] [MainThread]: An error was encountered while trying to flush usage events
[0m14:20:16.317709 [debug] [MainThread]: Sending event: {'category': 'dbt', 'action': 'invocation', 'label': 'start', 'context': [<snowplow_tracker.self_describing_json.SelfDescribingJson object at 0x000001AE71259B80>, <snowplow_tracker.self_describing_json.SelfDescribingJson object at 0x000001AE7125BAA0>, <snowplow_tracker.self_describing_json.SelfDescribingJson object at 0x000001AE7125B1D0>]}


============================== 14:20:16.322721 | a7d8bf6e-c632-4f50-92a0-1db6adc60e5b ==============================
[0m14:20:16.322721 [info ] [MainThread]: Running with dbt=1.10.13
[0m14:20:16.323722 [debug] [MainThread]: running dbt with arguments {'profiles_dir': 'C:\\Users\\AkankshaChouksey\\.dbt', 'use_colors': 'True', 'no_print': 'None', 'printer_width': '80', 'target_path': 'None', 'warn_error': 'None', 'log_path': 'C:\\Users\\AkankshaChouksey\\Downloads\\Snowflake_traning\\dbtprj\\mkmall\\logs', 'partial_parse': 'True', 'static_parser': 'True', 'send_anonymous_usage_stats': 'True', 'indirect_selection': 'eager', 'warn_error_options': 'WarnErrorOptionsV2(error=[], warn=[], silence=[])', 'fail_fast': 'False', 'use_experimental_parser': 'False', 'version_check': 'True', 'quiet': 'False', 'introspect': 'True', 'empty': 'False', 'log_cache_events': 'False', 'debug': 'False', 'log_format': 'default', 'invocation_command': 'dbt compile', 'cache_selected_only': 'False', 'write_json': 'True'}
[0m14:20:16.617519 [debug] [MainThread]: Snowflake adapter: Setting snowflake.connector to ERROR (file logging only)
[0m14:20:16.617519 [debug] [MainThread]: Snowflake adapter: Setting botocore to ERROR (file logging only)
[0m14:20:16.617519 [debug] [MainThread]: Snowflake adapter: Setting boto3 to ERROR (file logging only)
[0m14:20:16.762663 [debug] [MainThread]: Sending event: {'category': 'dbt', 'action': 'project_id', 'label': 'a7d8bf6e-c632-4f50-92a0-1db6adc60e5b', 'context': [<snowplow_tracker.self_describing_json.SelfDescribingJson object at 0x000001AE71A913A0>]}
[0m14:20:16.797757 [debug] [MainThread]: Sending event: {'category': 'dbt', 'action': 'adapter_info', 'label': 'a7d8bf6e-c632-4f50-92a0-1db6adc60e5b', 'context': [<snowplow_tracker.self_describing_json.SelfDescribingJson object at 0x000001AE72EC7230>]}
[0m14:20:16.812426 [info ] [MainThread]: Registered adapter: snowflake=1.10.3
[0m14:20:17.004165 [debug] [MainThread]: checksum: 9f0c81e2574b4ff463f3d16d080df83c6982fc0372c9feeacae0504ac9ea3ffe, vars: {}, profile: , target: , version: 1.10.13
[0m14:20:17.212033 [debug] [MainThread]: Partial parsing enabled: 0 files deleted, 0 files added, 0 files changed.
[0m14:20:17.213520 [debug] [MainThread]: Partial parsing enabled, no changes found, skipping parsing
[0m14:20:17.241374 [debug] [MainThread]: Sending event: {'category': 'dbt', 'action': 'load_project', 'label': 'a7d8bf6e-c632-4f50-92a0-1db6adc60e5b', 'context': [<snowplow_tracker.self_describing_json.SelfDescribingJson object at 0x000001AE7383FFB0>]}
[0m14:20:17.293805 [debug] [MainThread]: Wrote artifact WritableManifest to C:\Users\AkankshaChouksey\Downloads\Snowflake_traning\dbtprj\mkmall\target\manifest.json
[0m14:20:17.296807 [debug] [MainThread]: Wrote artifact SemanticManifest to C:\Users\AkankshaChouksey\Downloads\Snowflake_traning\dbtprj\mkmall\target\semantic_manifest.json
[0m14:20:17.314561 [debug] [MainThread]: Sending event: {'category': 'dbt', 'action': 'resource_counts', 'label': 'a7d8bf6e-c632-4f50-92a0-1db6adc60e5b', 'context': [<snowplow_tracker.self_describing_json.SelfDescribingJson object at 0x000001AE73AA5640>]}
[0m14:20:17.314561 [info ] [MainThread]: Found 2 models, 4 data tests, 494 macros
[0m14:20:17.314561 [debug] [MainThread]: Sending event: {'category': 'dbt', 'action': 'runnable_timing', 'label': 'a7d8bf6e-c632-4f50-92a0-1db6adc60e5b', 'context': [<snowplow_tracker.self_describing_json.SelfDescribingJson object at 0x000001AE73A430E0>]}
[0m14:20:17.314561 [info ] [MainThread]: 
[0m14:20:17.314561 [info ] [MainThread]: Concurrency: 3 threads (target='dev')
[0m14:20:17.314561 [info ] [MainThread]: 
[0m14:20:17.314561 [debug] [MainThread]: Acquiring new snowflake connection 'master'
[0m14:20:17.323067 [debug] [ThreadPool]: Acquiring new snowflake connection 'list_analytics_sourcedb.mk_mall'
[0m14:20:17.464892 [debug] [ThreadPool]: Using snowflake connection "list_analytics_sourcedb.mk_mall"
[0m14:20:17.464892 [debug] [ThreadPool]: On list_analytics_sourcedb.mk_mall: show objects in analytics.sourcedb.mk_mall
    limit 10000
    

/* {"app": "dbt", "dbt_version": "1.10.13", "profile_name": "mkmall", "target_name": "dev", "connection_name": "list_analytics_sourcedb.mk_mall"} */;
[0m14:20:17.464892 [debug] [ThreadPool]: Opening a new connection, currently in state init
[0m14:20:19.990844 [debug] [ThreadPool]: Snowflake adapter: Snowflake query id: 01c050f2-0306-f69c-0015-0a4b0009065a
[0m14:20:19.992838 [debug] [ThreadPool]: Snowflake adapter: Snowflake error: 002043 (02000): SQL compilation error:
Object does not exist, or operation cannot be performed.
[0m14:20:19.993742 [debug] [ThreadPool]: Snowflake adapter: Error running SQL: macro list_relations_without_caching
[0m14:20:19.994741 [debug] [ThreadPool]: Snowflake adapter: Rolling back transaction.
[0m14:20:19.995742 [debug] [MainThread]: Sending event: {'category': 'dbt', 'action': 'runnable_timing', 'label': 'a7d8bf6e-c632-4f50-92a0-1db6adc60e5b', 'context': [<snowplow_tracker.self_describing_json.SelfDescribingJson object at 0x000001AE735D3FB0>]}
[0m14:20:19.997200 [debug] [Thread-1 (]: Began running node model.mkmall.my_first_dbt_model
[0m14:20:19.997200 [debug] [Thread-1 (]: Acquiring new snowflake connection 'model.mkmall.my_first_dbt_model'
[0m14:20:19.997200 [debug] [Thread-1 (]: Began compiling node model.mkmall.my_first_dbt_model
[0m14:20:20.014790 [debug] [Thread-1 (]: Writing injected SQL for node "model.mkmall.my_first_dbt_model"
[0m14:20:20.014790 [debug] [Thread-1 (]: Began executing node model.mkmall.my_first_dbt_model
[0m14:20:20.014790 [debug] [Thread-1 (]: Finished running node model.mkmall.my_first_dbt_model
[0m14:20:20.014790 [debug] [Thread-3 (]: Began running node model.mkmall.my_second_dbt_model
[0m14:20:20.014790 [debug] [Thread-2 (]: Began running node test.mkmall.not_null_my_first_dbt_model_id.5fb22c2710
[0m14:20:20.014790 [debug] [Thread-3 (]: Acquiring new snowflake connection 'model.mkmall.my_second_dbt_model'
[0m14:20:20.014790 [debug] [Thread-1 (]: Began running node test.mkmall.unique_my_first_dbt_model_id.16e066b321
[0m14:20:20.014790 [debug] [Thread-2 (]: Acquiring new snowflake connection 'test.mkmall.not_null_my_first_dbt_model_id.5fb22c2710'
[0m14:20:20.014790 [debug] [Thread-3 (]: Began compiling node model.mkmall.my_second_dbt_model
[0m14:20:20.014790 [debug] [Thread-1 (]: Re-using an available connection from the pool (formerly model.mkmall.my_first_dbt_model, now test.mkmall.unique_my_first_dbt_model_id.16e066b321)
[0m14:20:20.028852 [debug] [Thread-2 (]: Began compiling node test.mkmall.not_null_my_first_dbt_model_id.5fb22c2710
[0m14:20:20.031958 [debug] [Thread-3 (]: Writing injected SQL for node "model.mkmall.my_second_dbt_model"
[0m14:20:20.031958 [debug] [Thread-1 (]: Began compiling node test.mkmall.unique_my_first_dbt_model_id.16e066b321
[0m14:20:20.041060 [debug] [Thread-2 (]: Writing injected SQL for node "test.mkmall.not_null_my_first_dbt_model_id.5fb22c2710"
[0m14:20:20.045960 [debug] [Thread-1 (]: Writing injected SQL for node "test.mkmall.unique_my_first_dbt_model_id.16e066b321"
[0m14:20:20.047132 [debug] [Thread-3 (]: Began executing node model.mkmall.my_second_dbt_model
[0m14:20:20.048132 [debug] [Thread-2 (]: Began executing node test.mkmall.not_null_my_first_dbt_model_id.5fb22c2710
[0m14:20:20.048132 [debug] [Thread-1 (]: Began executing node test.mkmall.unique_my_first_dbt_model_id.16e066b321
[0m14:20:20.049177 [debug] [Thread-3 (]: Finished running node model.mkmall.my_second_dbt_model
[0m14:20:20.050132 [debug] [Thread-2 (]: Finished running node test.mkmall.not_null_my_first_dbt_model_id.5fb22c2710
[0m14:20:20.050132 [debug] [Thread-1 (]: Finished running node test.mkmall.unique_my_first_dbt_model_id.16e066b321
[0m14:20:20.052132 [debug] [Thread-3 (]: Began running node test.mkmall.not_null_my_second_dbt_model_id.151b76d778
[0m14:20:20.052541 [debug] [Thread-2 (]: Began running node test.mkmall.unique_my_second_dbt_model_id.57a0f8c493
[0m14:20:20.052541 [debug] [Thread-3 (]: Re-using an available connection from the pool (formerly model.mkmall.my_second_dbt_model, now test.mkmall.not_null_my_second_dbt_model_id.151b76d778)
[0m14:20:20.053565 [debug] [Thread-2 (]: Re-using an available connection from the pool (formerly test.mkmall.not_null_my_first_dbt_model_id.5fb22c2710, now test.mkmall.unique_my_second_dbt_model_id.57a0f8c493)
[0m14:20:20.053565 [debug] [Thread-3 (]: Began compiling node test.mkmall.not_null_my_second_dbt_model_id.151b76d778
[0m14:20:20.054563 [debug] [Thread-2 (]: Began compiling node test.mkmall.unique_my_second_dbt_model_id.57a0f8c493
[0m14:20:20.057565 [debug] [Thread-3 (]: Writing injected SQL for node "test.mkmall.not_null_my_second_dbt_model_id.151b76d778"
[0m14:20:20.060225 [debug] [Thread-2 (]: Writing injected SQL for node "test.mkmall.unique_my_second_dbt_model_id.57a0f8c493"
[0m14:20:20.062310 [debug] [Thread-2 (]: Began executing node test.mkmall.unique_my_second_dbt_model_id.57a0f8c493
[0m14:20:20.063309 [debug] [Thread-2 (]: Finished running node test.mkmall.unique_my_second_dbt_model_id.57a0f8c493
[0m14:20:20.063309 [debug] [Thread-3 (]: Began executing node test.mkmall.not_null_my_second_dbt_model_id.151b76d778
[0m14:20:20.063309 [debug] [Thread-3 (]: Finished running node test.mkmall.not_null_my_second_dbt_model_id.151b76d778
[0m14:20:20.065453 [debug] [MainThread]: Connection 'master' was properly closed.
[0m14:20:20.065453 [debug] [MainThread]: Connection 'list_analytics_sourcedb.mk_mall' was left open.
[0m14:20:20.068070 [debug] [MainThread]: On list_analytics_sourcedb.mk_mall: Close
[0m14:20:20.648740 [debug] [MainThread]: Connection 'test.mkmall.unique_my_first_dbt_model_id.16e066b321' was properly closed.
[0m14:20:20.648740 [debug] [MainThread]: Connection 'test.mkmall.not_null_my_second_dbt_model_id.151b76d778' was properly closed.
[0m14:20:20.649720 [debug] [MainThread]: Connection 'test.mkmall.unique_my_second_dbt_model_id.57a0f8c493' was properly closed.
[0m14:20:20.651648 [debug] [MainThread]: Command end result
[0m14:20:20.670469 [debug] [MainThread]: Wrote artifact WritableManifest to C:\Users\AkankshaChouksey\Downloads\Snowflake_traning\dbtprj\mkmall\target\manifest.json
[0m14:20:20.674471 [debug] [MainThread]: Wrote artifact SemanticManifest to C:\Users\AkankshaChouksey\Downloads\Snowflake_traning\dbtprj\mkmall\target\semantic_manifest.json
[0m14:20:20.679608 [debug] [MainThread]: Wrote artifact RunExecutionResult to C:\Users\AkankshaChouksey\Downloads\Snowflake_traning\dbtprj\mkmall\target\run_results.json
[0m14:20:20.680734 [debug] [MainThread]: Command `dbt compile` succeeded at 14:20:20.680734 after 4.54 seconds
[0m14:20:20.680734 [debug] [MainThread]: Sending event: {'category': 'dbt', 'action': 'invocation', 'label': 'end', 'context': [<snowplow_tracker.self_describing_json.SelfDescribingJson object at 0x000001AE71071D90>, <snowplow_tracker.self_describing_json.SelfDescribingJson object at 0x000001AE710DD700>, <snowplow_tracker.self_describing_json.SelfDescribingJson object at 0x000001AE73ACC8C0>]}
[0m14:20:20.681615 [debug] [MainThread]: Flushing usage events
[0m14:20:21.923027 [debug] [MainThread]: An error was encountered while trying to flush usage events
[0m14:22:08.186440 [debug] [MainThread]: Sending event: {'category': 'dbt', 'action': 'invocation', 'label': 'start', 'context': [<snowplow_tracker.self_describing_json.SelfDescribingJson object at 0x000001FB13D3FD40>, <snowplow_tracker.self_describing_json.SelfDescribingJson object at 0x000001FB11C0AA50>, <snowplow_tracker.self_describing_json.SelfDescribingJson object at 0x000001FB14EDE420>]}


============================== 14:22:08.192358 | 69ec4083-15c5-4575-a24f-5ceba56a10ea ==============================
[0m14:22:08.192358 [info ] [MainThread]: Running with dbt=1.10.13
[0m14:22:08.194514 [debug] [MainThread]: running dbt with arguments {'profiles_dir': 'C:\\Users\\AkankshaChouksey\\.dbt', 'cache_selected_only': 'False', 'use_colors': 'True', 'log_format': 'default', 'target_path': 'None', 'warn_error': 'None', 'log_path': 'C:\\Users\\AkankshaChouksey\\Downloads\\Snowflake_traning\\dbtprj\\mkmall\\logs', 'fail_fast': 'False', 'indirect_selection': 'eager', 'send_anonymous_usage_stats': 'True', 'static_parser': 'True', 'warn_error_options': 'WarnErrorOptionsV2(error=[], warn=[], silence=[])', 'partial_parse': 'True', 'use_experimental_parser': 'False', 'version_check': 'True', 'quiet': 'False', 'introspect': 'True', 'empty': 'False', 'log_cache_events': 'False', 'debug': 'False', 'no_print': 'None', 'invocation_command': 'dbt run', 'printer_width': '80', 'write_json': 'True'}
[0m14:22:08.460675 [debug] [MainThread]: Snowflake adapter: Setting snowflake.connector to ERROR (file logging only)
[0m14:22:08.460675 [debug] [MainThread]: Snowflake adapter: Setting botocore to ERROR (file logging only)
[0m14:22:08.461675 [debug] [MainThread]: Snowflake adapter: Setting boto3 to ERROR (file logging only)
[0m14:22:08.608089 [debug] [MainThread]: Sending event: {'category': 'dbt', 'action': 'project_id', 'label': '69ec4083-15c5-4575-a24f-5ceba56a10ea', 'context': [<snowplow_tracker.self_describing_json.SelfDescribingJson object at 0x000001FB16952E70>]}
[0m14:22:08.658964 [debug] [MainThread]: Sending event: {'category': 'dbt', 'action': 'adapter_info', 'label': '69ec4083-15c5-4575-a24f-5ceba56a10ea', 'context': [<snowplow_tracker.self_describing_json.SelfDescribingJson object at 0x000001FB141213A0>]}
[0m14:22:08.660015 [info ] [MainThread]: Registered adapter: snowflake=1.10.3
[0m14:22:08.842314 [debug] [MainThread]: checksum: 9f0c81e2574b4ff463f3d16d080df83c6982fc0372c9feeacae0504ac9ea3ffe, vars: {}, profile: , target: , version: 1.10.13
[0m14:22:09.125140 [debug] [MainThread]: Partial parsing enabled: 0 files deleted, 0 files added, 0 files changed.
[0m14:22:09.125140 [debug] [MainThread]: Partial parsing enabled, no changes found, skipping parsing
[0m14:22:09.151864 [debug] [MainThread]: Sending event: {'category': 'dbt', 'action': 'load_project', 'label': '69ec4083-15c5-4575-a24f-5ceba56a10ea', 'context': [<snowplow_tracker.self_describing_json.SelfDescribingJson object at 0x000001FB16DB7830>]}
[0m14:22:09.210049 [debug] [MainThread]: Wrote artifact WritableManifest to C:\Users\AkankshaChouksey\Downloads\Snowflake_traning\dbtprj\mkmall\target\manifest.json
[0m14:22:09.210049 [debug] [MainThread]: Wrote artifact SemanticManifest to C:\Users\AkankshaChouksey\Downloads\Snowflake_traning\dbtprj\mkmall\target\semantic_manifest.json
[0m14:22:09.242986 [debug] [MainThread]: Sending event: {'category': 'dbt', 'action': 'resource_counts', 'label': '69ec4083-15c5-4575-a24f-5ceba56a10ea', 'context': [<snowplow_tracker.self_describing_json.SelfDescribingJson object at 0x000001FB16D72720>]}
[0m14:22:09.243986 [info ] [MainThread]: Found 2 models, 4 data tests, 494 macros
[0m14:22:09.244986 [debug] [MainThread]: Sending event: {'category': 'dbt', 'action': 'runnable_timing', 'label': '69ec4083-15c5-4575-a24f-5ceba56a10ea', 'context': [<snowplow_tracker.self_describing_json.SelfDescribingJson object at 0x000001FB16E2D460>]}
[0m14:22:09.245986 [info ] [MainThread]: 
[0m14:22:09.246985 [info ] [MainThread]: Concurrency: 3 threads (target='dev')
[0m14:22:09.246985 [info ] [MainThread]: 
[0m14:22:09.247985 [debug] [MainThread]: Acquiring new snowflake connection 'master'
[0m14:22:09.250986 [debug] [ThreadPool]: Acquiring new snowflake connection 'list_analytics'
[0m14:22:09.375605 [debug] [ThreadPool]: Using snowflake connection "list_analytics"
[0m14:22:09.375605 [debug] [ThreadPool]: On list_analytics: show terse schemas in database analytics
    limit 10000
/* {"app": "dbt", "dbt_version": "1.10.13", "profile_name": "mkmall", "target_name": "dev", "connection_name": "list_analytics"} */
[0m14:22:09.375605 [debug] [ThreadPool]: Opening a new connection, currently in state init
[0m14:22:11.146871 [debug] [ThreadPool]: SQL status: SUCCESS 1 in 1.766 seconds
[0m14:22:11.151826 [debug] [ThreadPool]: Re-using an available connection from the pool (formerly list_analytics, now create_analytics_sourcedb.mk_mall)
[0m14:22:11.151826 [debug] [ThreadPool]: Creating schema "database: "analytics"
schema: "sourcedb.mk_mall"
"
[0m14:22:11.162065 [debug] [ThreadPool]: Using snowflake connection "create_analytics_sourcedb.mk_mall"
[0m14:22:11.162065 [debug] [ThreadPool]: On create_analytics_sourcedb.mk_mall: create schema if not exists analytics.sourcedb.mk_mall
/* {"app": "dbt", "dbt_version": "1.10.13", "profile_name": "mkmall", "target_name": "dev", "connection_name": "create_analytics_sourcedb.mk_mall"} */
[0m14:22:11.506275 [debug] [ThreadPool]: Snowflake adapter: Snowflake query id: 01c050f4-0306-f78f-0015-0a4b0009158a
[0m14:22:11.507274 [debug] [ThreadPool]: Snowflake adapter: Snowflake error: 002043 (02000): SQL compilation error:
Object does not exist, or operation cannot be performed.
[0m14:22:11.508273 [debug] [ThreadPool]: Snowflake adapter: Error running SQL: macro create_schema
[0m14:22:11.509275 [debug] [ThreadPool]: Snowflake adapter: Rolling back transaction.
[0m14:22:11.510854 [debug] [MainThread]: Connection 'master' was properly closed.
[0m14:22:11.511420 [debug] [MainThread]: Connection 'create_analytics_sourcedb.mk_mall' was left open.
[0m14:22:11.512436 [debug] [MainThread]: On create_analytics_sourcedb.mk_mall: Close
[0m14:22:12.705909 [info ] [MainThread]: 
[0m14:22:12.708917 [info ] [MainThread]: Finished running  in 0 hours 0 minutes and 3.46 seconds (3.46s).
[0m14:22:12.708917 [error] [MainThread]: Encountered an error:
Database Error
  002043 (02000): SQL compilation error:
  Object does not exist, or operation cannot be performed.
[0m14:22:12.711537 [debug] [MainThread]: Command `dbt run` failed at 14:22:12.711537 after 4.80 seconds
[0m14:22:12.713562 [debug] [MainThread]: Sending event: {'category': 'dbt', 'action': 'invocation', 'label': 'end', 'context': [<snowplow_tracker.self_describing_json.SelfDescribingJson object at 0x000001FB15041B80>, <snowplow_tracker.self_describing_json.SelfDescribingJson object at 0x000001FB174B09B0>, <snowplow_tracker.self_describing_json.SelfDescribingJson object at 0x000001FB174B0D40>]}
[0m14:22:12.715583 [debug] [MainThread]: Flushing usage events
[0m14:22:14.074311 [debug] [MainThread]: An error was encountered while trying to flush usage events
[0m14:22:45.455486 [debug] [MainThread]: Sending event: {'category': 'dbt', 'action': 'invocation', 'label': 'start', 'context': [<snowplow_tracker.self_describing_json.SelfDescribingJson object at 0x0000018802B37470>, <snowplow_tracker.self_describing_json.SelfDescribingJson object at 0x0000018800A2ABA0>, <snowplow_tracker.self_describing_json.SelfDescribingJson object at 0x0000018802F439E0>]}


============================== 14:22:45.460850 | 8b904702-3ac4-40c4-a2f8-68d31b63e394 ==============================
[0m14:22:45.460850 [info ] [MainThread]: Running with dbt=1.10.13
[0m14:22:45.461839 [debug] [MainThread]: running dbt with arguments {'write_json': 'True', 'use_colors': 'True', 'no_print': 'None', 'log_format': 'default', 'printer_width': '80', 'warn_error': 'None', 'log_path': 'C:\\Users\\AkankshaChouksey\\Downloads\\Snowflake_traning\\dbtprj\\mkmall\\logs', 'partial_parse': 'True', 'static_parser': 'True', 'send_anonymous_usage_stats': 'True', 'fail_fast': 'False', 'warn_error_options': 'WarnErrorOptionsV2(error=[], warn=[], silence=[])', 'indirect_selection': 'eager', 'use_experimental_parser': 'False', 'version_check': 'True', 'quiet': 'False', 'introspect': 'True', 'empty': 'None', 'log_cache_events': 'False', 'debug': 'False', 'profiles_dir': 'C:\\Users\\AkankshaChouksey\\.dbt', 'invocation_command': 'dbt debug', 'cache_selected_only': 'False', 'target_path': 'None'}
[0m14:22:45.476694 [info ] [MainThread]: dbt version: 1.10.13
[0m14:22:45.476694 [info ] [MainThread]: python version: 3.12.0
[0m14:22:45.476694 [info ] [MainThread]: python path: C:\Users\AkankshaChouksey\miniconda3\envs\env-dbt\python.exe
[0m14:22:45.476694 [info ] [MainThread]: os info: Windows-11-10.0.26100-SP0
[0m14:22:45.771901 [debug] [MainThread]: Snowflake adapter: Setting snowflake.connector to ERROR (file logging only)
[0m14:22:45.771901 [debug] [MainThread]: Snowflake adapter: Setting botocore to ERROR (file logging only)
[0m14:22:45.773340 [debug] [MainThread]: Snowflake adapter: Setting boto3 to ERROR (file logging only)
[0m14:22:45.824016 [info ] [MainThread]: Using profiles dir at C:\Users\AkankshaChouksey\.dbt
[0m14:22:45.827011 [info ] [MainThread]: Using profiles.yml file at C:\Users\AkankshaChouksey\.dbt\profiles.yml
[0m14:22:45.827011 [info ] [MainThread]: Using dbt_project.yml file at C:\Users\AkankshaChouksey\Downloads\Snowflake_traning\dbtprj\mkmall\dbt_project.yml
[0m14:22:45.827011 [info ] [MainThread]: adapter type: snowflake
[0m14:22:45.827011 [info ] [MainThread]: adapter version: 1.10.3
[0m14:22:45.911437 [info ] [MainThread]: Configuration:
[0m14:22:45.912444 [info ] [MainThread]:   profiles.yml file [[32mOK found and valid[0m]
[0m14:22:45.913388 [info ] [MainThread]:   dbt_project.yml file [[32mOK found and valid[0m]
[0m14:22:45.913388 [info ] [MainThread]: Required dependencies:
[0m14:22:45.914778 [debug] [MainThread]: Executing "git --help"
[0m14:22:45.955135 [debug] [MainThread]: STDOUT: "b"usage: git [-v | --version] [-h | --help] [-C <path>] [-c <name>=<value>]\n           [--exec-path[=<path>]] [--html-path] [--man-path] [--info-path]\n           [-p | --paginate | -P | --no-pager] [--no-replace-objects] [--no-lazy-fetch]\n           [--no-optional-locks] [--no-advice] [--bare] [--git-dir=<path>]\n           [--work-tree=<path>] [--namespace=<name>] [--config-env=<name>=<envvar>]\n           <command> [<args>]\n\nThese are common Git commands used in various situations:\n\nstart a working area (see also: git help tutorial)\n   clone      Clone a repository into a new directory\n   init       Create an empty Git repository or reinitialize an existing one\n\nwork on the current change (see also: git help everyday)\n   add        Add file contents to the index\n   mv         Move or rename a file, a directory, or a symlink\n   restore    Restore working tree files\n   rm         Remove files from the working tree and from the index\n\nexamine the history and state (see also: git help revisions)\n   bisect     Use binary search to find the commit that introduced a bug\n   diff       Show changes between commits, commit and working tree, etc\n   grep       Print lines matching a pattern\n   log        Show commit logs\n   show       Show various types of objects\n   status     Show the working tree status\n\ngrow, mark and tweak your common history\n   backfill   Download missing objects in a partial clone\n   branch     List, create, or delete branches\n   commit     Record changes to the repository\n   merge      Join two or more development histories together\n   rebase     Reapply commits on top of another base tip\n   reset      Reset current HEAD to the specified state\n   switch     Switch branches\n   tag        Create, list, delete or verify a tag object signed with GPG\n\ncollaborate (see also: git help workflows)\n   fetch      Download objects and refs from another repository\n   pull       Fetch from and integrate with another repository or a local branch\n   push       Update remote refs along with associated objects\n\n'git help -a' and 'git help -g' list available subcommands and some\nconcept guides. See 'git help <command>' or 'git help <concept>'\nto read about a specific subcommand or concept.\nSee 'git help git' for an overview of the system.\n""
[0m14:22:45.955135 [debug] [MainThread]: STDERR: "b''"
[0m14:22:45.955135 [info ] [MainThread]:  - git [[32mOK found[0m]

[0m14:22:45.956922 [info ] [MainThread]: Connection:
[0m14:22:45.956922 [info ] [MainThread]:   account: LOB14208
[0m14:22:45.957989 [info ] [MainThread]:   user: sachin
[0m14:22:45.959030 [info ] [MainThread]:   database: analytics
[0m14:22:45.959030 [info ] [MainThread]:   warehouse: transform_wh
[0m14:22:45.960044 [info ] [MainThread]:   role: analyticsengineer
[0m14:22:45.960044 [info ] [MainThread]:   schema: sourcedb.mk_mall
[0m14:22:45.961007 [info ] [MainThread]:   authenticator: None
[0m14:22:45.961007 [info ] [MainThread]:   oauth_client_id: None
[0m14:22:45.961779 [info ] [MainThread]:   query_tag: None
[0m14:22:45.961779 [info ] [MainThread]:   client_session_keep_alive: False
[0m14:22:45.962857 [info ] [MainThread]:   host: None
[0m14:22:45.963569 [info ] [MainThread]:   port: None
[0m14:22:45.963569 [info ] [MainThread]:   proxy_host: None
[0m14:22:45.964656 [info ] [MainThread]:   proxy_port: None
[0m14:22:45.965204 [info ] [MainThread]:   protocol: None
[0m14:22:45.965204 [info ] [MainThread]:   connect_retries: 1
[0m14:22:45.965204 [info ] [MainThread]:   connect_timeout: None
[0m14:22:45.965204 [info ] [MainThread]:   retry_on_database_errors: False
[0m14:22:45.965204 [info ] [MainThread]:   retry_all: False
[0m14:22:45.965204 [info ] [MainThread]:   insecure_mode: False
[0m14:22:45.965204 [info ] [MainThread]:   reuse_connections: True
[0m14:22:45.965204 [info ] [MainThread]:   s3_stage_vpce_dns_name: None
[0m14:22:45.965204 [info ] [MainThread]:   platform_detection_timeout_seconds: 0.0
[0m14:22:45.965204 [info ] [MainThread]: Registered adapter: snowflake=1.10.3
[0m14:22:46.170387 [debug] [MainThread]: Acquiring new snowflake connection 'debug'
[0m14:22:46.290988 [debug] [MainThread]: Using snowflake connection "debug"
[0m14:22:46.290988 [debug] [MainThread]: On debug: select 1 as id
[0m14:22:46.291989 [debug] [MainThread]: Opening a new connection, currently in state init
[0m14:22:48.041521 [debug] [MainThread]: SQL status: SUCCESS 1 in 1.758 seconds
[0m14:22:48.041521 [info ] [MainThread]:   Connection test: [[32mOK connection ok[0m]

[0m14:22:48.041521 [info ] [MainThread]: [32mAll checks passed![0m
[0m14:22:48.041521 [debug] [MainThread]: Command `dbt debug` succeeded at 14:22:48.041521 after 2.75 seconds
[0m14:22:48.041521 [debug] [MainThread]: Connection 'debug' was left open.
[0m14:22:48.057581 [debug] [MainThread]: On debug: Close
[0m14:22:48.780977 [debug] [MainThread]: Sending event: {'category': 'dbt', 'action': 'invocation', 'label': 'end', 'context': [<snowplow_tracker.self_describing_json.SelfDescribingJson object at 0x0000018805AE70B0>, <snowplow_tracker.self_describing_json.SelfDescribingJson object at 0x0000018803C27CB0>, <snowplow_tracker.self_describing_json.SelfDescribingJson object at 0x00000188054B84A0>]}
[0m14:22:48.782872 [debug] [MainThread]: Flushing usage events
[0m14:22:50.222687 [debug] [MainThread]: An error was encountered while trying to flush usage events
[0m14:22:59.334655 [debug] [MainThread]: Sending event: {'category': 'dbt', 'action': 'invocation', 'label': 'start', 'context': [<snowplow_tracker.self_describing_json.SelfDescribingJson object at 0x0000019F33110C80>, <snowplow_tracker.self_describing_json.SelfDescribingJson object at 0x0000019F32E70BC0>, <snowplow_tracker.self_describing_json.SelfDescribingJson object at 0x0000019F33113050>]}


============================== 14:22:59.341366 | 4a868f26-e58b-4e1e-a66d-ea49401294c5 ==============================
[0m14:22:59.341366 [info ] [MainThread]: Running with dbt=1.10.13
[0m14:22:59.342360 [debug] [MainThread]: running dbt with arguments {'profiles_dir': 'C:\\Users\\AkankshaChouksey\\.dbt', 'no_print': 'None', 'invocation_command': 'dbt run', 'printer_width': '80', 'write_json': 'True', 'warn_error': 'None', 'static_parser': 'True', 'partial_parse': 'True', 'log_path': 'C:\\Users\\AkankshaChouksey\\Downloads\\Snowflake_traning\\dbtprj\\mkmall\\logs', 'send_anonymous_usage_stats': 'True', 'indirect_selection': 'eager', 'warn_error_options': 'WarnErrorOptionsV2(error=[], warn=[], silence=[])', 'fail_fast': 'False', 'use_experimental_parser': 'False', 'version_check': 'True', 'quiet': 'False', 'introspect': 'True', 'empty': 'False', 'log_cache_events': 'False', 'debug': 'False', 'log_format': 'default', 'use_colors': 'True', 'cache_selected_only': 'False', 'target_path': 'None'}
[0m14:22:59.640312 [debug] [MainThread]: Snowflake adapter: Setting snowflake.connector to ERROR (file logging only)
[0m14:22:59.641353 [debug] [MainThread]: Snowflake adapter: Setting botocore to ERROR (file logging only)
[0m14:22:59.641353 [debug] [MainThread]: Snowflake adapter: Setting boto3 to ERROR (file logging only)
[0m14:22:59.790418 [debug] [MainThread]: Sending event: {'category': 'dbt', 'action': 'project_id', 'label': '4a868f26-e58b-4e1e-a66d-ea49401294c5', 'context': [<snowplow_tracker.self_describing_json.SelfDescribingJson object at 0x0000019F351B6000>]}
[0m14:22:59.839309 [debug] [MainThread]: Sending event: {'category': 'dbt', 'action': 'adapter_info', 'label': '4a868f26-e58b-4e1e-a66d-ea49401294c5', 'context': [<snowplow_tracker.self_describing_json.SelfDescribingJson object at 0x0000019F34DC7230>]}
[0m14:22:59.841315 [info ] [MainThread]: Registered adapter: snowflake=1.10.3
[0m14:23:00.056969 [debug] [MainThread]: checksum: 9f0c81e2574b4ff463f3d16d080df83c6982fc0372c9feeacae0504ac9ea3ffe, vars: {}, profile: , target: , version: 1.10.13
[0m14:23:00.262924 [debug] [MainThread]: Partial parsing enabled: 0 files deleted, 0 files added, 0 files changed.
[0m14:23:00.262924 [debug] [MainThread]: Partial parsing enabled, no changes found, skipping parsing
[0m14:23:00.292913 [debug] [MainThread]: Sending event: {'category': 'dbt', 'action': 'load_project', 'label': '4a868f26-e58b-4e1e-a66d-ea49401294c5', 'context': [<snowplow_tracker.self_describing_json.SelfDescribingJson object at 0x0000019F3567A5D0>]}
[0m14:23:00.343098 [debug] [MainThread]: Wrote artifact WritableManifest to C:\Users\AkankshaChouksey\Downloads\Snowflake_traning\dbtprj\mkmall\target\manifest.json
[0m14:23:00.350001 [debug] [MainThread]: Wrote artifact SemanticManifest to C:\Users\AkankshaChouksey\Downloads\Snowflake_traning\dbtprj\mkmall\target\semantic_manifest.json
[0m14:23:00.369170 [debug] [MainThread]: Sending event: {'category': 'dbt', 'action': 'resource_counts', 'label': '4a868f26-e58b-4e1e-a66d-ea49401294c5', 'context': [<snowplow_tracker.self_describing_json.SelfDescribingJson object at 0x0000019F358E8FB0>]}
[0m14:23:00.370611 [info ] [MainThread]: Found 2 models, 4 data tests, 494 macros
[0m14:23:00.370611 [debug] [MainThread]: Sending event: {'category': 'dbt', 'action': 'runnable_timing', 'label': '4a868f26-e58b-4e1e-a66d-ea49401294c5', 'context': [<snowplow_tracker.self_describing_json.SelfDescribingJson object at 0x0000019F354A2E40>]}
[0m14:23:00.372728 [info ] [MainThread]: 
[0m14:23:00.372728 [info ] [MainThread]: Concurrency: 3 threads (target='dev')
[0m14:23:00.373802 [info ] [MainThread]: 
[0m14:23:00.374308 [debug] [MainThread]: Acquiring new snowflake connection 'master'
[0m14:23:00.377741 [debug] [ThreadPool]: Acquiring new snowflake connection 'list_analytics'
[0m14:23:00.515659 [debug] [ThreadPool]: Using snowflake connection "list_analytics"
[0m14:23:00.517666 [debug] [ThreadPool]: On list_analytics: show terse schemas in database analytics
    limit 10000
/* {"app": "dbt", "dbt_version": "1.10.13", "profile_name": "mkmall", "target_name": "dev", "connection_name": "list_analytics"} */
[0m14:23:00.517666 [debug] [ThreadPool]: Opening a new connection, currently in state init
[0m14:23:02.369937 [debug] [ThreadPool]: SQL status: SUCCESS 1 in 1.853 seconds
[0m14:23:02.373545 [debug] [ThreadPool]: Re-using an available connection from the pool (formerly list_analytics, now create_analytics_sourcedb.mk_mall)
[0m14:23:02.373545 [debug] [ThreadPool]: Creating schema "database: "analytics"
schema: "sourcedb.mk_mall"
"
[0m14:23:02.382792 [debug] [ThreadPool]: Using snowflake connection "create_analytics_sourcedb.mk_mall"
[0m14:23:02.382792 [debug] [ThreadPool]: On create_analytics_sourcedb.mk_mall: create schema if not exists analytics.sourcedb.mk_mall
/* {"app": "dbt", "dbt_version": "1.10.13", "profile_name": "mkmall", "target_name": "dev", "connection_name": "create_analytics_sourcedb.mk_mall"} */
[0m14:23:02.766482 [debug] [ThreadPool]: Snowflake adapter: Snowflake query id: 01c050f5-0306-f69c-0015-0a4b0009066a
[0m14:23:02.767483 [debug] [ThreadPool]: Snowflake adapter: Snowflake error: 002043 (02000): SQL compilation error:
Object does not exist, or operation cannot be performed.
[0m14:23:02.768482 [debug] [ThreadPool]: Snowflake adapter: Error running SQL: macro create_schema
[0m14:23:02.768482 [debug] [ThreadPool]: Snowflake adapter: Rolling back transaction.
[0m14:23:02.770480 [debug] [MainThread]: Connection 'master' was properly closed.
[0m14:23:02.771585 [debug] [MainThread]: Connection 'create_analytics_sourcedb.mk_mall' was left open.
[0m14:23:02.771585 [debug] [MainThread]: On create_analytics_sourcedb.mk_mall: Close
[0m14:23:03.371553 [info ] [MainThread]: 
[0m14:23:03.374111 [info ] [MainThread]: Finished running  in 0 hours 0 minutes and 3.00 seconds (3.00s).
[0m14:23:03.374111 [error] [MainThread]: Encountered an error:
Database Error
  002043 (02000): SQL compilation error:
  Object does not exist, or operation cannot be performed.
[0m14:23:03.377359 [debug] [MainThread]: Command `dbt run` failed at 14:23:03.377359 after 4.20 seconds
[0m14:23:03.377359 [debug] [MainThread]: Sending event: {'category': 'dbt', 'action': 'invocation', 'label': 'end', 'context': [<snowplow_tracker.self_describing_json.SelfDescribingJson object at 0x0000019F33449F70>, <snowplow_tracker.self_describing_json.SelfDescribingJson object at 0x0000019F35A7C6B0>, <snowplow_tracker.self_describing_json.SelfDescribingJson object at 0x0000019F35A7D550>]}
[0m14:23:03.377359 [debug] [MainThread]: Flushing usage events
[0m14:23:04.748928 [debug] [MainThread]: An error was encountered while trying to flush usage events
[0m14:24:20.202104 [debug] [MainThread]: Sending event: {'category': 'dbt', 'action': 'invocation', 'label': 'start', 'context': [<snowplow_tracker.self_describing_json.SelfDescribingJson object at 0x0000025B567A0EC0>, <snowplow_tracker.self_describing_json.SelfDescribingJson object at 0x0000025B58C5BA40>, <snowplow_tracker.self_describing_json.SelfDescribingJson object at 0x0000025B58CB1730>]}


============================== 14:24:20.216290 | 72953c34-6615-4cdf-a108-afabcbe7ee20 ==============================
[0m14:24:20.216290 [info ] [MainThread]: Running with dbt=1.10.13
[0m14:24:20.217808 [debug] [MainThread]: running dbt with arguments {'target_path': 'None', 'no_print': 'None', 'use_colors': 'True', 'printer_width': '80', 'log_format': 'default', 'warn_error': 'None', 'static_parser': 'True', 'partial_parse': 'True', 'indirect_selection': 'eager', 'send_anonymous_usage_stats': 'True', 'log_path': 'C:\\Users\\AkankshaChouksey\\Downloads\\Snowflake_traning\\dbtprj\\mkmall\\logs', 'warn_error_options': 'WarnErrorOptionsV2(error=[], warn=[], silence=[])', 'fail_fast': 'False', 'version_check': 'True', 'use_experimental_parser': 'False', 'introspect': 'True', 'quiet': 'False', 'empty': 'None', 'log_cache_events': 'False', 'debug': 'False', 'profiles_dir': 'C:\\Users\\AkankshaChouksey\\.dbt', 'invocation_command': 'dbt debug', 'cache_selected_only': 'False', 'write_json': 'True'}
[0m14:24:20.253440 [info ] [MainThread]: dbt version: 1.10.13
[0m14:24:20.253440 [info ] [MainThread]: python version: 3.12.0
[0m14:24:20.253440 [info ] [MainThread]: python path: C:\Users\AkankshaChouksey\miniconda3\envs\env-dbt\python.exe
[0m14:24:20.253440 [info ] [MainThread]: os info: Windows-11-10.0.26100-SP0
[0m14:24:20.594107 [debug] [MainThread]: Snowflake adapter: Setting snowflake.connector to ERROR (file logging only)
[0m14:24:20.595107 [debug] [MainThread]: Snowflake adapter: Setting botocore to ERROR (file logging only)
[0m14:24:20.595107 [debug] [MainThread]: Snowflake adapter: Setting boto3 to ERROR (file logging only)
[0m14:24:20.636937 [info ] [MainThread]: Using profiles dir at C:\Users\AkankshaChouksey\.dbt
[0m14:24:20.636937 [info ] [MainThread]: Using profiles.yml file at C:\Users\AkankshaChouksey\.dbt\profiles.yml
[0m14:24:20.636937 [info ] [MainThread]: Using dbt_project.yml file at C:\Users\AkankshaChouksey\Downloads\Snowflake_traning\dbtprj\mkmall\dbt_project.yml
[0m14:24:20.636937 [info ] [MainThread]: adapter type: snowflake
[0m14:24:20.636937 [info ] [MainThread]: adapter version: 1.10.3
[0m14:24:20.737699 [info ] [MainThread]: Configuration:
[0m14:24:20.738669 [info ] [MainThread]:   profiles.yml file [[32mOK found and valid[0m]
[0m14:24:20.738669 [info ] [MainThread]:   dbt_project.yml file [[32mOK found and valid[0m]
[0m14:24:20.739682 [info ] [MainThread]: Required dependencies:
[0m14:24:20.739682 [debug] [MainThread]: Executing "git --help"
[0m14:24:20.783273 [debug] [MainThread]: STDOUT: "b"usage: git [-v | --version] [-h | --help] [-C <path>] [-c <name>=<value>]\n           [--exec-path[=<path>]] [--html-path] [--man-path] [--info-path]\n           [-p | --paginate | -P | --no-pager] [--no-replace-objects] [--no-lazy-fetch]\n           [--no-optional-locks] [--no-advice] [--bare] [--git-dir=<path>]\n           [--work-tree=<path>] [--namespace=<name>] [--config-env=<name>=<envvar>]\n           <command> [<args>]\n\nThese are common Git commands used in various situations:\n\nstart a working area (see also: git help tutorial)\n   clone      Clone a repository into a new directory\n   init       Create an empty Git repository or reinitialize an existing one\n\nwork on the current change (see also: git help everyday)\n   add        Add file contents to the index\n   mv         Move or rename a file, a directory, or a symlink\n   restore    Restore working tree files\n   rm         Remove files from the working tree and from the index\n\nexamine the history and state (see also: git help revisions)\n   bisect     Use binary search to find the commit that introduced a bug\n   diff       Show changes between commits, commit and working tree, etc\n   grep       Print lines matching a pattern\n   log        Show commit logs\n   show       Show various types of objects\n   status     Show the working tree status\n\ngrow, mark and tweak your common history\n   backfill   Download missing objects in a partial clone\n   branch     List, create, or delete branches\n   commit     Record changes to the repository\n   merge      Join two or more development histories together\n   rebase     Reapply commits on top of another base tip\n   reset      Reset current HEAD to the specified state\n   switch     Switch branches\n   tag        Create, list, delete or verify a tag object signed with GPG\n\ncollaborate (see also: git help workflows)\n   fetch      Download objects and refs from another repository\n   pull       Fetch from and integrate with another repository or a local branch\n   push       Update remote refs along with associated objects\n\n'git help -a' and 'git help -g' list available subcommands and some\nconcept guides. See 'git help <command>' or 'git help <concept>'\nto read about a specific subcommand or concept.\nSee 'git help git' for an overview of the system.\n""
[0m14:24:20.783273 [debug] [MainThread]: STDERR: "b''"
[0m14:24:20.783273 [info ] [MainThread]:  - git [[32mOK found[0m]

[0m14:24:20.785341 [info ] [MainThread]: Connection:
[0m14:24:20.786349 [info ] [MainThread]:   account: LOB14208
[0m14:24:20.787014 [info ] [MainThread]:   user: sachin
[0m14:24:20.787014 [info ] [MainThread]:   database: analytics
[0m14:24:20.787014 [info ] [MainThread]:   warehouse: transform_wh
[0m14:24:20.787014 [info ] [MainThread]:   role: analyticsengineer
[0m14:24:20.787014 [info ] [MainThread]:   schema: sourcedb.mk_mall
[0m14:24:20.787014 [info ] [MainThread]:   authenticator: None
[0m14:24:20.787014 [info ] [MainThread]:   oauth_client_id: None
[0m14:24:20.787014 [info ] [MainThread]:   query_tag: None
[0m14:24:20.787014 [info ] [MainThread]:   client_session_keep_alive: False
[0m14:24:20.787014 [info ] [MainThread]:   host: None
[0m14:24:20.787014 [info ] [MainThread]:   port: None
[0m14:24:20.787014 [info ] [MainThread]:   proxy_host: None
[0m14:24:20.787014 [info ] [MainThread]:   proxy_port: None
[0m14:24:20.787014 [info ] [MainThread]:   protocol: None
[0m14:24:20.787014 [info ] [MainThread]:   connect_retries: 1
[0m14:24:20.787014 [info ] [MainThread]:   connect_timeout: None
[0m14:24:20.787014 [info ] [MainThread]:   retry_on_database_errors: False
[0m14:24:20.787014 [info ] [MainThread]:   retry_all: False
[0m14:24:20.787014 [info ] [MainThread]:   insecure_mode: False
[0m14:24:20.787014 [info ] [MainThread]:   reuse_connections: True
[0m14:24:20.787014 [info ] [MainThread]:   s3_stage_vpce_dns_name: None
[0m14:24:20.787014 [info ] [MainThread]:   platform_detection_timeout_seconds: 0.0
[0m14:24:20.787014 [info ] [MainThread]: Registered adapter: snowflake=1.10.3
[0m14:24:20.995077 [debug] [MainThread]: Acquiring new snowflake connection 'debug'
[0m14:24:21.127179 [debug] [MainThread]: Using snowflake connection "debug"
[0m14:24:21.130093 [debug] [MainThread]: On debug: select 1 as id
[0m14:24:21.130093 [debug] [MainThread]: Opening a new connection, currently in state init
[0m14:24:22.787121 [debug] [MainThread]: SQL status: SUCCESS 1 in 1.657 seconds
[0m14:24:22.790009 [info ] [MainThread]:   Connection test: [[32mOK connection ok[0m]

[0m14:24:22.791013 [info ] [MainThread]: [32mAll checks passed![0m
[0m14:24:22.792012 [debug] [MainThread]: Command `dbt debug` succeeded at 14:24:22.792012 after 2.75 seconds
[0m14:24:22.793107 [debug] [MainThread]: Connection 'debug' was left open.
[0m14:24:22.793107 [debug] [MainThread]: On debug: Close
[0m14:24:23.406713 [debug] [MainThread]: Sending event: {'category': 'dbt', 'action': 'invocation', 'label': 'end', 'context': [<snowplow_tracker.self_describing_json.SelfDescribingJson object at 0x0000025B5AFBD670>, <snowplow_tracker.self_describing_json.SelfDescribingJson object at 0x0000025B593A8380>, <snowplow_tracker.self_describing_json.SelfDescribingJson object at 0x0000025B595A87D0>]}
[0m14:24:23.408697 [debug] [MainThread]: Flushing usage events
[0m14:24:24.818960 [debug] [MainThread]: An error was encountered while trying to flush usage events
[0m14:24:33.709690 [debug] [MainThread]: Sending event: {'category': 'dbt', 'action': 'invocation', 'label': 'start', 'context': [<snowplow_tracker.self_describing_json.SelfDescribingJson object at 0x0000013223B72B40>, <snowplow_tracker.self_describing_json.SelfDescribingJson object at 0x000001322158ABA0>, <snowplow_tracker.self_describing_json.SelfDescribingJson object at 0x00000132241D4FE0>]}


============================== 14:24:33.716710 | e61991e2-bd0f-4c95-82a5-f89bc5611a85 ==============================
[0m14:24:33.716710 [info ] [MainThread]: Running with dbt=1.10.13
[0m14:24:33.717697 [debug] [MainThread]: running dbt with arguments {'no_print': 'None', 'invocation_command': 'dbt compile', 'profiles_dir': 'C:\\Users\\AkankshaChouksey\\.dbt', 'target_path': 'None', 'printer_width': '80', 'warn_error': 'None', 'static_parser': 'True', 'partial_parse': 'True', 'fail_fast': 'False', 'send_anonymous_usage_stats': 'True', 'log_path': 'C:\\Users\\AkankshaChouksey\\Downloads\\Snowflake_traning\\dbtprj\\mkmall\\logs', 'warn_error_options': 'WarnErrorOptionsV2(error=[], warn=[], silence=[])', 'indirect_selection': 'eager', 'use_experimental_parser': 'False', 'version_check': 'True', 'introspect': 'True', 'quiet': 'False', 'empty': 'False', 'log_cache_events': 'False', 'debug': 'False', 'log_format': 'default', 'use_colors': 'True', 'cache_selected_only': 'False', 'write_json': 'True'}
[0m14:24:34.028121 [debug] [MainThread]: Snowflake adapter: Setting snowflake.connector to ERROR (file logging only)
[0m14:24:34.028121 [debug] [MainThread]: Snowflake adapter: Setting botocore to ERROR (file logging only)
[0m14:24:34.029121 [debug] [MainThread]: Snowflake adapter: Setting boto3 to ERROR (file logging only)
[0m14:24:34.184445 [debug] [MainThread]: Sending event: {'category': 'dbt', 'action': 'project_id', 'label': 'e61991e2-bd0f-4c95-82a5-f89bc5611a85', 'context': [<snowplow_tracker.self_describing_json.SelfDescribingJson object at 0x000001322654CE00>]}
[0m14:24:34.234046 [debug] [MainThread]: Sending event: {'category': 'dbt', 'action': 'adapter_info', 'label': 'e61991e2-bd0f-4c95-82a5-f89bc5611a85', 'context': [<snowplow_tracker.self_describing_json.SelfDescribingJson object at 0x00000132265F7860>]}
[0m14:24:34.236045 [info ] [MainThread]: Registered adapter: snowflake=1.10.3
[0m14:24:34.430583 [debug] [MainThread]: checksum: 9f0c81e2574b4ff463f3d16d080df83c6982fc0372c9feeacae0504ac9ea3ffe, vars: {}, profile: , target: , version: 1.10.13
[0m14:24:34.590671 [debug] [MainThread]: Partial parsing enabled: 0 files deleted, 0 files added, 0 files changed.
[0m14:24:34.590671 [debug] [MainThread]: Partial parsing enabled, no changes found, skipping parsing
[0m14:24:34.618650 [debug] [MainThread]: Sending event: {'category': 'dbt', 'action': 'load_project', 'label': 'e61991e2-bd0f-4c95-82a5-f89bc5611a85', 'context': [<snowplow_tracker.self_describing_json.SelfDescribingJson object at 0x00000132249D3D70>]}
[0m14:24:34.673982 [debug] [MainThread]: Wrote artifact WritableManifest to C:\Users\AkankshaChouksey\Downloads\Snowflake_traning\dbtprj\mkmall\target\manifest.json
[0m14:24:34.675972 [debug] [MainThread]: Wrote artifact SemanticManifest to C:\Users\AkankshaChouksey\Downloads\Snowflake_traning\dbtprj\mkmall\target\semantic_manifest.json
[0m14:24:34.694892 [debug] [MainThread]: Sending event: {'category': 'dbt', 'action': 'resource_counts', 'label': 'e61991e2-bd0f-4c95-82a5-f89bc5611a85', 'context': [<snowplow_tracker.self_describing_json.SelfDescribingJson object at 0x00000132268F8860>]}
[0m14:24:34.695910 [info ] [MainThread]: Found 2 models, 4 data tests, 494 macros
[0m14:24:34.695910 [debug] [MainThread]: Sending event: {'category': 'dbt', 'action': 'runnable_timing', 'label': 'e61991e2-bd0f-4c95-82a5-f89bc5611a85', 'context': [<snowplow_tracker.self_describing_json.SelfDescribingJson object at 0x00000132269924B0>]}
[0m14:24:34.697912 [info ] [MainThread]: 
[0m14:24:34.698910 [info ] [MainThread]: Concurrency: 3 threads (target='dev')
[0m14:24:34.698910 [info ] [MainThread]: 
[0m14:24:34.699911 [debug] [MainThread]: Acquiring new snowflake connection 'master'
[0m14:24:34.701911 [debug] [ThreadPool]: Acquiring new snowflake connection 'list_analytics_sourcedb.mk_mall'
[0m14:24:34.844824 [debug] [ThreadPool]: Using snowflake connection "list_analytics_sourcedb.mk_mall"
[0m14:24:34.844824 [debug] [ThreadPool]: On list_analytics_sourcedb.mk_mall: show objects in analytics.sourcedb.mk_mall
    limit 10000
    

/* {"app": "dbt", "dbt_version": "1.10.13", "profile_name": "mkmall", "target_name": "dev", "connection_name": "list_analytics_sourcedb.mk_mall"} */;
[0m14:24:34.845831 [debug] [ThreadPool]: Opening a new connection, currently in state init
[0m14:24:37.172434 [debug] [ThreadPool]: Snowflake adapter: Snowflake query id: 01c050f6-0306-f69c-0015-0a4b00090676
[0m14:24:37.177177 [debug] [ThreadPool]: Snowflake adapter: Snowflake error: 002043 (02000): SQL compilation error:
Object does not exist, or operation cannot be performed.
[0m14:24:37.177177 [debug] [ThreadPool]: Snowflake adapter: Error running SQL: macro list_relations_without_caching
[0m14:24:37.179192 [debug] [ThreadPool]: Snowflake adapter: Rolling back transaction.
[0m14:24:37.179192 [debug] [MainThread]: Sending event: {'category': 'dbt', 'action': 'runnable_timing', 'label': 'e61991e2-bd0f-4c95-82a5-f89bc5611a85', 'context': [<snowplow_tracker.self_describing_json.SelfDescribingJson object at 0x0000013226A36030>]}
[0m14:24:37.183989 [debug] [Thread-1 (]: Began running node model.mkmall.my_first_dbt_model
[0m14:24:37.183989 [debug] [Thread-1 (]: Acquiring new snowflake connection 'model.mkmall.my_first_dbt_model'
[0m14:24:37.190027 [debug] [Thread-1 (]: Began compiling node model.mkmall.my_first_dbt_model
[0m14:24:37.195935 [debug] [Thread-1 (]: Writing injected SQL for node "model.mkmall.my_first_dbt_model"
[0m14:24:37.197940 [debug] [Thread-1 (]: Began executing node model.mkmall.my_first_dbt_model
[0m14:24:37.197940 [debug] [Thread-1 (]: Finished running node model.mkmall.my_first_dbt_model
[0m14:24:37.199686 [debug] [Thread-3 (]: Began running node model.mkmall.my_second_dbt_model
[0m14:24:37.199686 [debug] [Thread-3 (]: Acquiring new snowflake connection 'model.mkmall.my_second_dbt_model'
[0m14:24:37.199686 [debug] [Thread-3 (]: Began compiling node model.mkmall.my_second_dbt_model
[0m14:24:37.199686 [debug] [Thread-2 (]: Began running node test.mkmall.not_null_my_first_dbt_model_id.5fb22c2710
[0m14:24:37.199686 [debug] [Thread-1 (]: Began running node test.mkmall.unique_my_first_dbt_model_id.16e066b321
[0m14:24:37.199686 [debug] [Thread-3 (]: Writing injected SQL for node "model.mkmall.my_second_dbt_model"
[0m14:24:37.199686 [debug] [Thread-2 (]: Acquiring new snowflake connection 'test.mkmall.not_null_my_first_dbt_model_id.5fb22c2710'
[0m14:24:37.199686 [debug] [Thread-1 (]: Re-using an available connection from the pool (formerly model.mkmall.my_first_dbt_model, now test.mkmall.unique_my_first_dbt_model_id.16e066b321)
[0m14:24:37.199686 [debug] [Thread-2 (]: Began compiling node test.mkmall.not_null_my_first_dbt_model_id.5fb22c2710
[0m14:24:37.199686 [debug] [Thread-3 (]: Began executing node model.mkmall.my_second_dbt_model
[0m14:24:37.199686 [debug] [Thread-1 (]: Began compiling node test.mkmall.unique_my_first_dbt_model_id.16e066b321
[0m14:24:37.215810 [debug] [Thread-2 (]: Writing injected SQL for node "test.mkmall.not_null_my_first_dbt_model_id.5fb22c2710"
[0m14:24:37.217624 [debug] [Thread-3 (]: Finished running node model.mkmall.my_second_dbt_model
[0m14:24:37.222638 [debug] [Thread-1 (]: Writing injected SQL for node "test.mkmall.unique_my_first_dbt_model_id.16e066b321"
[0m14:24:37.223486 [debug] [Thread-3 (]: Began running node test.mkmall.not_null_my_second_dbt_model_id.151b76d778
[0m14:24:37.224544 [debug] [Thread-2 (]: Began executing node test.mkmall.not_null_my_first_dbt_model_id.5fb22c2710
[0m14:24:37.225499 [debug] [Thread-1 (]: Began executing node test.mkmall.unique_my_first_dbt_model_id.16e066b321
[0m14:24:37.226498 [debug] [Thread-3 (]: Re-using an available connection from the pool (formerly model.mkmall.my_second_dbt_model, now test.mkmall.not_null_my_second_dbt_model_id.151b76d778)
[0m14:24:37.226827 [debug] [Thread-2 (]: Finished running node test.mkmall.not_null_my_first_dbt_model_id.5fb22c2710
[0m14:24:37.227514 [debug] [Thread-1 (]: Finished running node test.mkmall.unique_my_first_dbt_model_id.16e066b321
[0m14:24:37.228226 [debug] [Thread-3 (]: Began compiling node test.mkmall.not_null_my_second_dbt_model_id.151b76d778
[0m14:24:37.228226 [debug] [Thread-2 (]: Began running node test.mkmall.unique_my_second_dbt_model_id.57a0f8c493
[0m14:24:37.232242 [debug] [Thread-3 (]: Writing injected SQL for node "test.mkmall.not_null_my_second_dbt_model_id.151b76d778"
[0m14:24:37.233243 [debug] [Thread-2 (]: Re-using an available connection from the pool (formerly test.mkmall.not_null_my_first_dbt_model_id.5fb22c2710, now test.mkmall.unique_my_second_dbt_model_id.57a0f8c493)
[0m14:24:37.234242 [debug] [Thread-2 (]: Began compiling node test.mkmall.unique_my_second_dbt_model_id.57a0f8c493
[0m14:24:37.237685 [debug] [Thread-2 (]: Writing injected SQL for node "test.mkmall.unique_my_second_dbt_model_id.57a0f8c493"
[0m14:24:37.237685 [debug] [Thread-3 (]: Began executing node test.mkmall.not_null_my_second_dbt_model_id.151b76d778
[0m14:24:37.238655 [debug] [Thread-3 (]: Finished running node test.mkmall.not_null_my_second_dbt_model_id.151b76d778
[0m14:24:37.238655 [debug] [Thread-2 (]: Began executing node test.mkmall.unique_my_second_dbt_model_id.57a0f8c493
[0m14:24:37.239655 [debug] [Thread-2 (]: Finished running node test.mkmall.unique_my_second_dbt_model_id.57a0f8c493
[0m14:24:37.241654 [debug] [MainThread]: Connection 'master' was properly closed.
[0m14:24:37.241654 [debug] [MainThread]: Connection 'list_analytics_sourcedb.mk_mall' was left open.
[0m14:24:37.242653 [debug] [MainThread]: On list_analytics_sourcedb.mk_mall: Close
[0m14:24:37.946942 [debug] [MainThread]: Connection 'test.mkmall.unique_my_first_dbt_model_id.16e066b321' was properly closed.
[0m14:24:37.947946 [debug] [MainThread]: Connection 'test.mkmall.not_null_my_second_dbt_model_id.151b76d778' was properly closed.
[0m14:24:37.948947 [debug] [MainThread]: Connection 'test.mkmall.unique_my_second_dbt_model_id.57a0f8c493' was properly closed.
[0m14:24:37.951942 [debug] [MainThread]: Command end result
[0m14:24:37.969811 [debug] [MainThread]: Wrote artifact WritableManifest to C:\Users\AkankshaChouksey\Downloads\Snowflake_traning\dbtprj\mkmall\target\manifest.json
[0m14:24:37.969811 [debug] [MainThread]: Wrote artifact SemanticManifest to C:\Users\AkankshaChouksey\Downloads\Snowflake_traning\dbtprj\mkmall\target\semantic_manifest.json
[0m14:24:37.984659 [debug] [MainThread]: Wrote artifact RunExecutionResult to C:\Users\AkankshaChouksey\Downloads\Snowflake_traning\dbtprj\mkmall\target\run_results.json
[0m14:24:37.985666 [debug] [MainThread]: Command `dbt compile` succeeded at 14:24:37.985666 after 4.43 seconds
[0m14:24:37.986730 [debug] [MainThread]: Sending event: {'category': 'dbt', 'action': 'invocation', 'label': 'end', 'context': [<snowplow_tracker.self_describing_json.SelfDescribingJson object at 0x000001322498FD70>, <snowplow_tracker.self_describing_json.SelfDescribingJson object at 0x00000132247F4D40>, <snowplow_tracker.self_describing_json.SelfDescribingJson object at 0x00000132247F43B0>]}
[0m14:24:37.986730 [debug] [MainThread]: Flushing usage events
[0m14:24:39.374033 [debug] [MainThread]: An error was encountered while trying to flush usage events
[0m14:24:52.873594 [debug] [MainThread]: Sending event: {'category': 'dbt', 'action': 'invocation', 'label': 'start', 'context': [<snowplow_tracker.self_describing_json.SelfDescribingJson object at 0x0000021ABCE80920>, <snowplow_tracker.self_describing_json.SelfDescribingJson object at 0x0000021ABCF395B0>, <snowplow_tracker.self_describing_json.SelfDescribingJson object at 0x0000021ABAD357C0>]}


============================== 14:24:52.882589 | b7ccaea2-c37f-4142-8abd-f25a0252c50f ==============================
[0m14:24:52.882589 [info ] [MainThread]: Running with dbt=1.10.13
[0m14:24:52.884588 [debug] [MainThread]: running dbt with arguments {'no_print': 'None', 'profiles_dir': 'C:\\Users\\AkankshaChouksey\\.dbt', 'cache_selected_only': 'False', 'write_json': 'True', 'use_colors': 'True', 'warn_error': 'None', 'log_path': 'C:\\Users\\AkankshaChouksey\\Downloads\\Snowflake_traning\\dbtprj\\mkmall\\logs', 'partial_parse': 'True', 'fail_fast': 'False', 'send_anonymous_usage_stats': 'True', 'static_parser': 'True', 'warn_error_options': 'WarnErrorOptionsV2(error=[], warn=[], silence=[])', 'indirect_selection': 'eager', 'version_check': 'True', 'use_experimental_parser': 'False', 'introspect': 'True', 'quiet': 'False', 'empty': 'False', 'log_cache_events': 'False', 'debug': 'False', 'log_format': 'default', 'invocation_command': 'dbt run', 'printer_width': '80', 'target_path': 'None'}
[0m14:24:53.167103 [debug] [MainThread]: Snowflake adapter: Setting snowflake.connector to ERROR (file logging only)
[0m14:24:53.167103 [debug] [MainThread]: Snowflake adapter: Setting botocore to ERROR (file logging only)
[0m14:24:53.167103 [debug] [MainThread]: Snowflake adapter: Setting boto3 to ERROR (file logging only)
[0m14:24:53.315926 [debug] [MainThread]: Sending event: {'category': 'dbt', 'action': 'project_id', 'label': 'b7ccaea2-c37f-4142-8abd-f25a0252c50f', 'context': [<snowplow_tracker.self_describing_json.SelfDescribingJson object at 0x0000021ABEEA7DD0>]}
[0m14:24:53.370755 [debug] [MainThread]: Sending event: {'category': 'dbt', 'action': 'adapter_info', 'label': 'b7ccaea2-c37f-4142-8abd-f25a0252c50f', 'context': [<snowplow_tracker.self_describing_json.SelfDescribingJson object at 0x0000021ABF232F00>]}
[0m14:24:53.370755 [info ] [MainThread]: Registered adapter: snowflake=1.10.3
[0m14:24:53.576688 [debug] [MainThread]: checksum: 9f0c81e2574b4ff463f3d16d080df83c6982fc0372c9feeacae0504ac9ea3ffe, vars: {}, profile: , target: , version: 1.10.13
[0m14:24:53.737899 [debug] [MainThread]: Partial parsing enabled: 0 files deleted, 0 files added, 0 files changed.
[0m14:24:53.738899 [debug] [MainThread]: Partial parsing enabled, no changes found, skipping parsing
[0m14:24:53.767081 [debug] [MainThread]: Sending event: {'category': 'dbt', 'action': 'load_project', 'label': 'b7ccaea2-c37f-4142-8abd-f25a0252c50f', 'context': [<snowplow_tracker.self_describing_json.SelfDescribingJson object at 0x0000021ABF4A2A20>]}
[0m14:24:53.819603 [debug] [MainThread]: Wrote artifact WritableManifest to C:\Users\AkankshaChouksey\Downloads\Snowflake_traning\dbtprj\mkmall\target\manifest.json
[0m14:24:53.821610 [debug] [MainThread]: Wrote artifact SemanticManifest to C:\Users\AkankshaChouksey\Downloads\Snowflake_traning\dbtprj\mkmall\target\semantic_manifest.json
[0m14:24:53.845471 [debug] [MainThread]: Sending event: {'category': 'dbt', 'action': 'resource_counts', 'label': 'b7ccaea2-c37f-4142-8abd-f25a0252c50f', 'context': [<snowplow_tracker.self_describing_json.SelfDescribingJson object at 0x0000021ABF679010>]}
[0m14:24:53.845471 [info ] [MainThread]: Found 2 models, 4 data tests, 494 macros
[0m14:24:53.847478 [debug] [MainThread]: Sending event: {'category': 'dbt', 'action': 'runnable_timing', 'label': 'b7ccaea2-c37f-4142-8abd-f25a0252c50f', 'context': [<snowplow_tracker.self_describing_json.SelfDescribingJson object at 0x0000021ABF232E40>]}
[0m14:24:53.847478 [info ] [MainThread]: 
[0m14:24:53.850135 [info ] [MainThread]: Concurrency: 3 threads (target='dev')
[0m14:24:53.850135 [info ] [MainThread]: 
[0m14:24:53.851141 [debug] [MainThread]: Acquiring new snowflake connection 'master'
[0m14:24:53.855141 [debug] [ThreadPool]: Acquiring new snowflake connection 'list_analytics'
[0m14:24:53.987747 [debug] [ThreadPool]: Using snowflake connection "list_analytics"
[0m14:24:53.987747 [debug] [ThreadPool]: On list_analytics: show terse schemas in database analytics
    limit 10000
/* {"app": "dbt", "dbt_version": "1.10.13", "profile_name": "mkmall", "target_name": "dev", "connection_name": "list_analytics"} */
[0m14:24:53.990691 [debug] [ThreadPool]: Opening a new connection, currently in state init
[0m14:24:55.659682 [debug] [ThreadPool]: SQL status: SUCCESS 1 in 1.669 seconds
[0m14:24:55.663260 [debug] [ThreadPool]: Re-using an available connection from the pool (formerly list_analytics, now create_analytics_sourcedb.mk_mall)
[0m14:24:55.664399 [debug] [ThreadPool]: Creating schema "database: "analytics"
schema: "sourcedb.mk_mall"
"
[0m14:24:55.671899 [debug] [ThreadPool]: Using snowflake connection "create_analytics_sourcedb.mk_mall"
[0m14:24:55.671899 [debug] [ThreadPool]: On create_analytics_sourcedb.mk_mall: create schema if not exists analytics.sourcedb.mk_mall
/* {"app": "dbt", "dbt_version": "1.10.13", "profile_name": "mkmall", "target_name": "dev", "connection_name": "create_analytics_sourcedb.mk_mall"} */
[0m14:24:56.070919 [debug] [ThreadPool]: Snowflake adapter: Snowflake query id: 01c050f6-0306-f69c-0015-0a4b0009067a
[0m14:24:56.074164 [debug] [ThreadPool]: Snowflake adapter: Snowflake error: 002043 (02000): SQL compilation error:
Object does not exist, or operation cannot be performed.
[0m14:24:56.074164 [debug] [ThreadPool]: Snowflake adapter: Error running SQL: macro create_schema
[0m14:24:56.076176 [debug] [ThreadPool]: Snowflake adapter: Rolling back transaction.
[0m14:24:56.076176 [debug] [MainThread]: Connection 'master' was properly closed.
[0m14:24:56.076176 [debug] [MainThread]: Connection 'create_analytics_sourcedb.mk_mall' was left open.
[0m14:24:56.079760 [debug] [MainThread]: On create_analytics_sourcedb.mk_mall: Close
[0m14:24:56.728037 [info ] [MainThread]: 
[0m14:24:56.729516 [info ] [MainThread]: Finished running  in 0 hours 0 minutes and 2.88 seconds (2.88s).
[0m14:24:56.731535 [error] [MainThread]: Encountered an error:
Database Error
  002043 (02000): SQL compilation error:
  Object does not exist, or operation cannot be performed.
[0m14:24:56.734879 [debug] [MainThread]: Command `dbt run` failed at 14:24:56.734537 after 4.03 seconds
[0m14:24:56.736270 [debug] [MainThread]: Sending event: {'category': 'dbt', 'action': 'invocation', 'label': 'end', 'context': [<snowplow_tracker.self_describing_json.SelfDescribingJson object at 0x0000021ABD6400B0>, <snowplow_tracker.self_describing_json.SelfDescribingJson object at 0x0000021ABF4A3830>, <snowplow_tracker.self_describing_json.SelfDescribingJson object at 0x0000021ABF9C1B20>]}
[0m14:24:56.738218 [debug] [MainThread]: Flushing usage events
[0m14:24:58.070433 [debug] [MainThread]: An error was encountered while trying to flush usage events
[0m14:26:54.045782 [debug] [MainThread]: Sending event: {'category': 'dbt', 'action': 'invocation', 'label': 'start', 'context': [<snowplow_tracker.self_describing_json.SelfDescribingJson object at 0x000002EF527DAF90>, <snowplow_tracker.self_describing_json.SelfDescribingJson object at 0x000002EF51BD9790>, <snowplow_tracker.self_describing_json.SelfDescribingJson object at 0x000002EF52B292E0>]}


============================== 14:26:54.052732 | c3eb6362-75a3-49de-8c07-b46c295f4e87 ==============================
[0m14:26:54.052732 [info ] [MainThread]: Running with dbt=1.10.13
[0m14:26:54.055267 [debug] [MainThread]: running dbt with arguments {'cache_selected_only': 'False', 'write_json': 'True', 'no_print': 'None', 'profiles_dir': 'C:\\Users\\AkankshaChouksey\\.dbt', 'invocation_command': 'dbt debug', 'warn_error': 'None', 'indirect_selection': 'eager', 'partial_parse': 'True', 'static_parser': 'True', 'send_anonymous_usage_stats': 'True', 'log_path': 'C:\\Users\\AkankshaChouksey\\Downloads\\Snowflake_traning\\dbtprj\\mkmall\\logs', 'warn_error_options': 'WarnErrorOptionsV2(error=[], warn=[], silence=[])', 'fail_fast': 'False', 'use_experimental_parser': 'False', 'version_check': 'True', 'introspect': 'True', 'quiet': 'False', 'empty': 'None', 'log_cache_events': 'False', 'debug': 'False', 'log_format': 'default', 'use_colors': 'True', 'printer_width': '80', 'target_path': 'None'}
[0m14:26:54.078930 [info ] [MainThread]: dbt version: 1.10.13
[0m14:26:54.078930 [info ] [MainThread]: python version: 3.12.0
[0m14:26:54.078930 [info ] [MainThread]: python path: C:\Users\AkankshaChouksey\miniconda3\envs\env-dbt\python.exe
[0m14:26:54.078930 [info ] [MainThread]: os info: Windows-11-10.0.26100-SP0
[0m14:26:54.357521 [debug] [MainThread]: Snowflake adapter: Setting snowflake.connector to ERROR (file logging only)
[0m14:26:54.358521 [debug] [MainThread]: Snowflake adapter: Setting botocore to ERROR (file logging only)
[0m14:26:54.358521 [debug] [MainThread]: Snowflake adapter: Setting boto3 to ERROR (file logging only)
[0m14:26:54.409139 [info ] [MainThread]: Using profiles dir at C:\Users\AkankshaChouksey\.dbt
[0m14:26:54.410148 [info ] [MainThread]: Using profiles.yml file at C:\Users\AkankshaChouksey\.dbt\profiles.yml
[0m14:26:54.411094 [info ] [MainThread]: Using dbt_project.yml file at C:\Users\AkankshaChouksey\Downloads\Snowflake_traning\dbtprj\mkmall\dbt_project.yml
[0m14:26:54.412041 [info ] [MainThread]: adapter type: snowflake
[0m14:26:54.412041 [info ] [MainThread]: adapter version: 1.10.3
[0m14:26:54.500084 [info ] [MainThread]: Configuration:
[0m14:26:54.500084 [info ] [MainThread]:   profiles.yml file [[32mOK found and valid[0m]
[0m14:26:54.500084 [info ] [MainThread]:   dbt_project.yml file [[32mOK found and valid[0m]
[0m14:26:54.500084 [info ] [MainThread]: Required dependencies:
[0m14:26:54.500084 [debug] [MainThread]: Executing "git --help"
[0m14:26:54.569660 [debug] [MainThread]: STDOUT: "b"usage: git [-v | --version] [-h | --help] [-C <path>] [-c <name>=<value>]\n           [--exec-path[=<path>]] [--html-path] [--man-path] [--info-path]\n           [-p | --paginate | -P | --no-pager] [--no-replace-objects] [--no-lazy-fetch]\n           [--no-optional-locks] [--no-advice] [--bare] [--git-dir=<path>]\n           [--work-tree=<path>] [--namespace=<name>] [--config-env=<name>=<envvar>]\n           <command> [<args>]\n\nThese are common Git commands used in various situations:\n\nstart a working area (see also: git help tutorial)\n   clone      Clone a repository into a new directory\n   init       Create an empty Git repository or reinitialize an existing one\n\nwork on the current change (see also: git help everyday)\n   add        Add file contents to the index\n   mv         Move or rename a file, a directory, or a symlink\n   restore    Restore working tree files\n   rm         Remove files from the working tree and from the index\n\nexamine the history and state (see also: git help revisions)\n   bisect     Use binary search to find the commit that introduced a bug\n   diff       Show changes between commits, commit and working tree, etc\n   grep       Print lines matching a pattern\n   log        Show commit logs\n   show       Show various types of objects\n   status     Show the working tree status\n\ngrow, mark and tweak your common history\n   backfill   Download missing objects in a partial clone\n   branch     List, create, or delete branches\n   commit     Record changes to the repository\n   merge      Join two or more development histories together\n   rebase     Reapply commits on top of another base tip\n   reset      Reset current HEAD to the specified state\n   switch     Switch branches\n   tag        Create, list, delete or verify a tag object signed with GPG\n\ncollaborate (see also: git help workflows)\n   fetch      Download objects and refs from another repository\n   pull       Fetch from and integrate with another repository or a local branch\n   push       Update remote refs along with associated objects\n\n'git help -a' and 'git help -g' list available subcommands and some\nconcept guides. See 'git help <command>' or 'git help <concept>'\nto read about a specific subcommand or concept.\nSee 'git help git' for an overview of the system.\n""
[0m14:26:54.570776 [debug] [MainThread]: STDERR: "b''"
[0m14:26:54.571729 [info ] [MainThread]:  - git [[32mOK found[0m]

[0m14:26:54.572660 [info ] [MainThread]: Connection:
[0m14:26:54.573663 [info ] [MainThread]:   account: LOB14208
[0m14:26:54.574662 [info ] [MainThread]:   user: sachin
[0m14:26:54.574662 [info ] [MainThread]:   database: analytics
[0m14:26:54.575659 [info ] [MainThread]:   warehouse: transform_wh
[0m14:26:54.576659 [info ] [MainThread]:   role: analyticsengineer
[0m14:26:54.577660 [info ] [MainThread]:   schema: akanksha
[0m14:26:54.578006 [info ] [MainThread]:   authenticator: None
[0m14:26:54.580033 [info ] [MainThread]:   oauth_client_id: None
[0m14:26:54.581031 [info ] [MainThread]:   query_tag: None
[0m14:26:54.582034 [info ] [MainThread]:   client_session_keep_alive: False
[0m14:26:54.583033 [info ] [MainThread]:   host: None
[0m14:26:54.584028 [info ] [MainThread]:   port: None
[0m14:26:54.585031 [info ] [MainThread]:   proxy_host: None
[0m14:26:54.585031 [info ] [MainThread]:   proxy_port: None
[0m14:26:54.586027 [info ] [MainThread]:   protocol: None
[0m14:26:54.586027 [info ] [MainThread]:   connect_retries: 1
[0m14:26:54.586027 [info ] [MainThread]:   connect_timeout: None
[0m14:26:54.587028 [info ] [MainThread]:   retry_on_database_errors: False
[0m14:26:54.587028 [info ] [MainThread]:   retry_all: False
[0m14:26:54.588027 [info ] [MainThread]:   insecure_mode: False
[0m14:26:54.588027 [info ] [MainThread]:   reuse_connections: True
[0m14:26:54.589028 [info ] [MainThread]:   s3_stage_vpce_dns_name: None
[0m14:26:54.589028 [info ] [MainThread]:   platform_detection_timeout_seconds: 0.0
[0m14:26:54.590030 [info ] [MainThread]: Registered adapter: snowflake=1.10.3
[0m14:26:54.777950 [debug] [MainThread]: Acquiring new snowflake connection 'debug'
[0m14:26:54.897612 [debug] [MainThread]: Using snowflake connection "debug"
[0m14:26:54.897612 [debug] [MainThread]: On debug: select 1 as id
[0m14:26:54.900868 [debug] [MainThread]: Opening a new connection, currently in state init
[0m14:26:56.662995 [debug] [MainThread]: SQL status: SUCCESS 1 in 1.773 seconds
[0m14:26:56.662995 [info ] [MainThread]:   Connection test: [[32mOK connection ok[0m]

[0m14:26:56.677850 [info ] [MainThread]: [32mAll checks passed![0m
[0m14:26:56.681372 [debug] [MainThread]: Command `dbt debug` succeeded at 14:26:56.681372 after 2.85 seconds
[0m14:26:56.681372 [debug] [MainThread]: Connection 'debug' was left open.
[0m14:26:56.681372 [debug] [MainThread]: On debug: Close
[0m14:26:57.252349 [debug] [MainThread]: Sending event: {'category': 'dbt', 'action': 'invocation', 'label': 'end', 'context': [<snowplow_tracker.self_describing_json.SelfDescribingJson object at 0x000002EF52777770>, <snowplow_tracker.self_describing_json.SelfDescribingJson object at 0x000002EF5428D3A0>, <snowplow_tracker.self_describing_json.SelfDescribingJson object at 0x000002EF54618FB0>]}
[0m14:26:57.253356 [debug] [MainThread]: Flushing usage events
[0m14:26:58.609072 [debug] [MainThread]: An error was encountered while trying to flush usage events
[0m14:27:03.251097 [debug] [MainThread]: Sending event: {'category': 'dbt', 'action': 'invocation', 'label': 'start', 'context': [<snowplow_tracker.self_describing_json.SelfDescribingJson object at 0x00000217EF90A9F0>, <snowplow_tracker.self_describing_json.SelfDescribingJson object at 0x00000217EF00B5C0>, <snowplow_tracker.self_describing_json.SelfDescribingJson object at 0x00000217F0475490>]}


============================== 14:27:03.251097 | eca04960-fe1f-43f6-ae50-2241efbed609 ==============================
[0m14:27:03.251097 [info ] [MainThread]: Running with dbt=1.10.13
[0m14:27:03.251097 [debug] [MainThread]: running dbt with arguments {'invocation_command': 'dbt run', 'profiles_dir': 'C:\\Users\\AkankshaChouksey\\.dbt', 'printer_width': '80', 'target_path': 'None', 'log_format': 'default', 'warn_error': 'None', 'static_parser': 'True', 'partial_parse': 'True', 'indirect_selection': 'eager', 'send_anonymous_usage_stats': 'True', 'fail_fast': 'False', 'warn_error_options': 'WarnErrorOptionsV2(error=[], warn=[], silence=[])', 'log_path': 'C:\\Users\\AkankshaChouksey\\Downloads\\Snowflake_traning\\dbtprj\\mkmall\\logs', 'version_check': 'True', 'use_experimental_parser': 'False', 'introspect': 'True', 'quiet': 'False', 'empty': 'False', 'log_cache_events': 'False', 'debug': 'False', 'no_print': 'None', 'use_colors': 'True', 'cache_selected_only': 'False', 'write_json': 'True'}
[0m14:27:03.555139 [debug] [MainThread]: Snowflake adapter: Setting snowflake.connector to ERROR (file logging only)
[0m14:27:03.556548 [debug] [MainThread]: Snowflake adapter: Setting botocore to ERROR (file logging only)
[0m14:27:03.556548 [debug] [MainThread]: Snowflake adapter: Setting boto3 to ERROR (file logging only)
[0m14:27:03.722926 [debug] [MainThread]: Sending event: {'category': 'dbt', 'action': 'project_id', 'label': 'eca04960-fe1f-43f6-ae50-2241efbed609', 'context': [<snowplow_tracker.self_describing_json.SelfDescribingJson object at 0x00000217F46AA960>]}
[0m14:27:03.779370 [debug] [MainThread]: Sending event: {'category': 'dbt', 'action': 'adapter_info', 'label': 'eca04960-fe1f-43f6-ae50-2241efbed609', 'context': [<snowplow_tracker.self_describing_json.SelfDescribingJson object at 0x00000217F251B8F0>]}
[0m14:27:03.781369 [info ] [MainThread]: Registered adapter: snowflake=1.10.3
[0m14:27:03.978643 [debug] [MainThread]: checksum: 9f0c81e2574b4ff463f3d16d080df83c6982fc0372c9feeacae0504ac9ea3ffe, vars: {}, profile: , target: , version: 1.10.13
[0m14:27:04.103188 [info ] [MainThread]: Unable to do partial parsing because profile has changed
[0m14:27:04.104182 [debug] [MainThread]: Sending event: {'category': 'dbt', 'action': 'partial_parser', 'label': 'eca04960-fe1f-43f6-ae50-2241efbed609', 'context': [<snowplow_tracker.self_describing_json.SelfDescribingJson object at 0x00000217F4E124E0>]}
[0m14:27:05.086308 [debug] [MainThread]: Sending event: {'category': 'dbt', 'action': 'load_project', 'label': 'eca04960-fe1f-43f6-ae50-2241efbed609', 'context': [<snowplow_tracker.self_describing_json.SelfDescribingJson object at 0x00000217F4FF19A0>]}
[0m14:27:05.140143 [debug] [MainThread]: Wrote artifact WritableManifest to C:\Users\AkankshaChouksey\Downloads\Snowflake_traning\dbtprj\mkmall\target\manifest.json
[0m14:27:05.144903 [debug] [MainThread]: Wrote artifact SemanticManifest to C:\Users\AkankshaChouksey\Downloads\Snowflake_traning\dbtprj\mkmall\target\semantic_manifest.json
[0m14:27:05.161027 [debug] [MainThread]: Sending event: {'category': 'dbt', 'action': 'resource_counts', 'label': 'eca04960-fe1f-43f6-ae50-2241efbed609', 'context': [<snowplow_tracker.self_describing_json.SelfDescribingJson object at 0x00000217F4F8C6E0>]}
[0m14:27:05.161027 [info ] [MainThread]: Found 2 models, 4 data tests, 494 macros
[0m14:27:05.161027 [debug] [MainThread]: Sending event: {'category': 'dbt', 'action': 'runnable_timing', 'label': 'eca04960-fe1f-43f6-ae50-2241efbed609', 'context': [<snowplow_tracker.self_describing_json.SelfDescribingJson object at 0x00000217F4F18D70>]}
[0m14:27:05.172810 [info ] [MainThread]: 
[0m14:27:05.172810 [info ] [MainThread]: Concurrency: 3 threads (target='dev')
[0m14:27:05.172810 [info ] [MainThread]: 
[0m14:27:05.172810 [debug] [MainThread]: Acquiring new snowflake connection 'master'
[0m14:27:05.178506 [debug] [ThreadPool]: Acquiring new snowflake connection 'list_analytics'
[0m14:27:05.327621 [debug] [ThreadPool]: Using snowflake connection "list_analytics"
[0m14:27:05.327621 [debug] [ThreadPool]: On list_analytics: show terse schemas in database analytics
    limit 10000
/* {"app": "dbt", "dbt_version": "1.10.13", "profile_name": "mkmall", "target_name": "dev", "connection_name": "list_analytics"} */
[0m14:27:05.328866 [debug] [ThreadPool]: Opening a new connection, currently in state init
[0m14:27:06.662494 [debug] [ThreadPool]: SQL status: SUCCESS 1 in 1.334 seconds
[0m14:27:06.662494 [debug] [ThreadPool]: Re-using an available connection from the pool (formerly list_analytics, now create_analytics_akanksha)
[0m14:27:06.662494 [debug] [ThreadPool]: Creating schema "database: "analytics"
schema: "akanksha"
"
[0m14:27:06.662494 [debug] [ThreadPool]: Using snowflake connection "create_analytics_akanksha"
[0m14:27:06.662494 [debug] [ThreadPool]: On create_analytics_akanksha: create schema if not exists analytics.akanksha
/* {"app": "dbt", "dbt_version": "1.10.13", "profile_name": "mkmall", "target_name": "dev", "connection_name": "create_analytics_akanksha"} */
[0m14:27:07.025928 [debug] [ThreadPool]: SQL status: SUCCESS 1 in 0.355 seconds
[0m14:27:07.031869 [debug] [ThreadPool]: Acquiring new snowflake connection 'list_analytics_akanksha'
[0m14:27:07.050851 [debug] [ThreadPool]: Using snowflake connection "list_analytics_akanksha"
[0m14:27:07.050851 [debug] [ThreadPool]: On list_analytics_akanksha: show objects in analytics.akanksha
    limit 10000
    

/* {"app": "dbt", "dbt_version": "1.10.13", "profile_name": "mkmall", "target_name": "dev", "connection_name": "list_analytics_akanksha"} */;
[0m14:27:07.051850 [debug] [ThreadPool]: Opening a new connection, currently in state init
[0m14:27:08.296985 [debug] [ThreadPool]: SQL status: SUCCESS 0 in 1.245 seconds
[0m14:27:08.302046 [debug] [MainThread]: Sending event: {'category': 'dbt', 'action': 'runnable_timing', 'label': 'eca04960-fe1f-43f6-ae50-2241efbed609', 'context': [<snowplow_tracker.self_describing_json.SelfDescribingJson object at 0x00000217F4F81C40>]}
[0m14:27:08.313876 [debug] [Thread-1 (]: Began running node model.mkmall.my_first_dbt_model
[0m14:27:08.313876 [info ] [Thread-1 (]: 1 of 2 START sql table model akanksha.my_first_dbt_model ....................... [RUN]
[0m14:27:08.317923 [debug] [Thread-1 (]: Acquiring new snowflake connection 'model.mkmall.my_first_dbt_model'
[0m14:27:08.317923 [debug] [Thread-1 (]: Began compiling node model.mkmall.my_first_dbt_model
[0m14:27:08.327468 [debug] [Thread-1 (]: Writing injected SQL for node "model.mkmall.my_first_dbt_model"
[0m14:27:08.328490 [debug] [Thread-1 (]: Began executing node model.mkmall.my_first_dbt_model
[0m14:27:08.360578 [debug] [Thread-1 (]: Writing runtime sql for node "model.mkmall.my_first_dbt_model"
[0m14:27:08.363216 [debug] [Thread-1 (]: Using snowflake connection "model.mkmall.my_first_dbt_model"
[0m14:27:08.363216 [debug] [Thread-1 (]: On model.mkmall.my_first_dbt_model: create or replace transient table analytics.akanksha.my_first_dbt_model
    
    
    
    as (/*
    Welcome to your first dbt model!
    Did you know that you can also configure models directly within SQL files?
    This will override configurations stated in dbt_project.yml

    Try changing "table" to "view" below
*/



with source_data as (

    select 1 as id
    union all
    select null as id

)

select *
from source_data

/*
    Uncomment the line below to remove records with null `id` values
*/

-- where id is not null
    )

/* {"app": "dbt", "dbt_version": "1.10.13", "profile_name": "mkmall", "target_name": "dev", "node_id": "model.mkmall.my_first_dbt_model"} */;
[0m14:27:08.364290 [debug] [Thread-1 (]: Opening a new connection, currently in state init
[0m14:27:11.209109 [debug] [Thread-1 (]: SQL status: SUCCESS 1 in 2.845 seconds
[0m14:27:11.232210 [debug] [Thread-1 (]: Sending event: {'category': 'dbt', 'action': 'run_model', 'label': 'eca04960-fe1f-43f6-ae50-2241efbed609', 'context': [<snowplow_tracker.self_describing_json.SelfDescribingJson object at 0x00000217EFA12E10>]}
[0m14:27:11.232210 [info ] [Thread-1 (]: 1 of 2 OK created sql table model akanksha.my_first_dbt_model .................. [[32mSUCCESS 1[0m in 2.91s]
[0m14:27:11.233269 [debug] [Thread-1 (]: Finished running node model.mkmall.my_first_dbt_model
[0m14:27:11.234720 [debug] [Thread-3 (]: Began running node model.mkmall.my_second_dbt_model
[0m14:27:11.234720 [info ] [Thread-3 (]: 2 of 2 START sql view model akanksha.my_second_dbt_model ....................... [RUN]
[0m14:27:11.235774 [debug] [Thread-3 (]: Acquiring new snowflake connection 'model.mkmall.my_second_dbt_model'
[0m14:27:11.235774 [debug] [Thread-3 (]: Began compiling node model.mkmall.my_second_dbt_model
[0m14:27:11.238883 [debug] [Thread-3 (]: Writing injected SQL for node "model.mkmall.my_second_dbt_model"
[0m14:27:11.239877 [debug] [Thread-3 (]: Began executing node model.mkmall.my_second_dbt_model
[0m14:27:11.316306 [debug] [Thread-3 (]: Writing runtime sql for node "model.mkmall.my_second_dbt_model"
[0m14:27:11.318214 [debug] [Thread-3 (]: Using snowflake connection "model.mkmall.my_second_dbt_model"
[0m14:27:11.318214 [debug] [Thread-3 (]: On model.mkmall.my_second_dbt_model: create or replace   view analytics.akanksha.my_second_dbt_model
  
  
  
  
  as (
    -- Use the `ref` function to select from other models

select *
from analytics.akanksha.my_first_dbt_model
where id = 1
  )
/* {"app": "dbt", "dbt_version": "1.10.13", "profile_name": "mkmall", "target_name": "dev", "node_id": "model.mkmall.my_second_dbt_model"} */;
[0m14:27:11.318214 [debug] [Thread-3 (]: Opening a new connection, currently in state init
[0m14:27:12.810936 [debug] [Thread-3 (]: SQL status: SUCCESS 1 in 1.501 seconds
[0m14:27:12.810936 [debug] [Thread-3 (]: Sending event: {'category': 'dbt', 'action': 'run_model', 'label': 'eca04960-fe1f-43f6-ae50-2241efbed609', 'context': [<snowplow_tracker.self_describing_json.SelfDescribingJson object at 0x00000217F5AFE840>]}
[0m14:27:12.810936 [info ] [Thread-3 (]: 2 of 2 OK created sql view model akanksha.my_second_dbt_model .................. [[32mSUCCESS 1[0m in 1.58s]
[0m14:27:12.827226 [debug] [Thread-3 (]: Finished running node model.mkmall.my_second_dbt_model
[0m14:27:12.830894 [debug] [MainThread]: Connection 'master' was properly closed.
[0m14:27:12.830894 [debug] [MainThread]: Connection 'create_analytics_akanksha' was left open.
[0m14:27:12.832910 [debug] [MainThread]: On create_analytics_akanksha: Close
[0m14:27:13.366065 [debug] [MainThread]: Connection 'list_analytics_akanksha' was left open.
[0m14:27:13.366065 [debug] [MainThread]: On list_analytics_akanksha: Close
[0m14:27:13.908709 [debug] [MainThread]: Connection 'model.mkmall.my_first_dbt_model' was left open.
[0m14:27:13.910445 [debug] [MainThread]: On model.mkmall.my_first_dbt_model: Close
[0m14:27:14.470653 [debug] [MainThread]: Connection 'model.mkmall.my_second_dbt_model' was left open.
[0m14:27:14.471662 [debug] [MainThread]: On model.mkmall.my_second_dbt_model: Close
[0m14:27:15.114323 [info ] [MainThread]: 
[0m14:27:15.116319 [info ] [MainThread]: Finished running 1 table model, 1 view model in 0 hours 0 minutes and 9.94 seconds (9.94s).
[0m14:27:15.119250 [debug] [MainThread]: Command end result
[0m14:27:15.134907 [debug] [MainThread]: Wrote artifact WritableManifest to C:\Users\AkankshaChouksey\Downloads\Snowflake_traning\dbtprj\mkmall\target\manifest.json
[0m14:27:15.145129 [debug] [MainThread]: Wrote artifact SemanticManifest to C:\Users\AkankshaChouksey\Downloads\Snowflake_traning\dbtprj\mkmall\target\semantic_manifest.json
[0m14:27:15.145129 [debug] [MainThread]: Wrote artifact RunExecutionResult to C:\Users\AkankshaChouksey\Downloads\Snowflake_traning\dbtprj\mkmall\target\run_results.json
[0m14:27:15.145129 [info ] [MainThread]: 
[0m14:27:15.145129 [info ] [MainThread]: [32mCompleted successfully[0m
[0m14:27:15.145129 [info ] [MainThread]: 
[0m14:27:15.145129 [info ] [MainThread]: Done. PASS=2 WARN=0 ERROR=0 SKIP=0 NO-OP=0 TOTAL=2
[0m14:27:15.145129 [debug] [MainThread]: Command `dbt run` succeeded at 14:27:15.145129 after 12.05 seconds
[0m14:27:15.145129 [debug] [MainThread]: Sending event: {'category': 'dbt', 'action': 'invocation', 'label': 'end', 'context': [<snowplow_tracker.self_describing_json.SelfDescribingJson object at 0x00000217F2721730>, <snowplow_tracker.self_describing_json.SelfDescribingJson object at 0x00000217F0475490>, <snowplow_tracker.self_describing_json.SelfDescribingJson object at 0x00000217F1EF6750>]}
[0m14:27:15.145129 [debug] [MainThread]: Flushing usage events
[0m14:27:16.477087 [debug] [MainThread]: An error was encountered while trying to flush usage events
[0m15:53:36.896190 [debug] [MainThread]: Sending event: {'category': 'dbt', 'action': 'invocation', 'label': 'start', 'context': [<snowplow_tracker.self_describing_json.SelfDescribingJson object at 0x00000261B337FFB0>, <snowplow_tracker.self_describing_json.SelfDescribingJson object at 0x00000261B08EA6C0>, <snowplow_tracker.self_describing_json.SelfDescribingJson object at 0x00000261B0947AA0>]}


============================== 15:53:36.905146 | 4344b751-acbb-4f37-a5d1-3b6e0feb6f32 ==============================
[0m15:53:36.905146 [info ] [MainThread]: Running with dbt=1.10.13
[0m15:53:36.906549 [debug] [MainThread]: running dbt with arguments {'cache_selected_only': 'False', 'profiles_dir': 'C:\\Users\\AkankshaChouksey\\.dbt', 'no_print': 'None', 'target_path': 'None', 'use_colors': 'True', 'warn_error': 'None', 'static_parser': 'True', 'fail_fast': 'False', 'indirect_selection': 'eager', 'send_anonymous_usage_stats': 'True', 'partial_parse': 'True', 'warn_error_options': 'WarnErrorOptionsV2(error=[], warn=[], silence=[])', 'log_path': 'C:\\Snowflake_Training\\mkmall\\logs', 'use_experimental_parser': 'False', 'version_check': 'True', 'introspect': 'True', 'quiet': 'False', 'empty': 'False', 'log_cache_events': 'False', 'debug': 'False', 'log_format': 'default', 'invocation_command': 'dbt run', 'printer_width': '80', 'write_json': 'True'}
[0m15:53:37.397472 [debug] [MainThread]: Snowflake adapter: Setting snowflake.connector to ERROR (file logging only)
[0m15:53:37.410769 [debug] [MainThread]: Snowflake adapter: Setting botocore to ERROR (file logging only)
[0m15:53:37.410769 [debug] [MainThread]: Snowflake adapter: Setting boto3 to ERROR (file logging only)
[0m15:53:37.638582 [debug] [MainThread]: Sending event: {'category': 'dbt', 'action': 'project_id', 'label': '4344b751-acbb-4f37-a5d1-3b6e0feb6f32', 'context': [<snowplow_tracker.self_describing_json.SelfDescribingJson object at 0x00000261B6127F50>]}
[0m15:53:37.713602 [debug] [MainThread]: Sending event: {'category': 'dbt', 'action': 'adapter_info', 'label': '4344b751-acbb-4f37-a5d1-3b6e0feb6f32', 'context': [<snowplow_tracker.self_describing_json.SelfDescribingJson object at 0x00000261B625DAC0>]}
[0m15:53:37.716010 [info ] [MainThread]: Registered adapter: snowflake=1.10.3
[0m15:53:37.998028 [debug] [MainThread]: checksum: 9f0c81e2574b4ff463f3d16d080df83c6982fc0372c9feeacae0504ac9ea3ffe, vars: {}, profile: , target: , version: 1.10.13
[0m15:53:38.331908 [debug] [MainThread]: Partial parsing enabled: 3 files deleted, 1 files added, 0 files changed.
[0m15:53:38.333915 [debug] [MainThread]: Partial parsing: added file: mkmall://models\stg_customers.sql
[0m15:53:38.333915 [debug] [MainThread]: Partial parsing: deleted file: mkmall://models\example\my_first_dbt_model.sql
[0m15:53:38.333915 [debug] [MainThread]: Partial parsing: deleted file: mkmall://models\example\my_second_dbt_model.sql
[0m15:53:38.606748 [warn ] [MainThread]: [[33mWARNING[0m]: Configuration paths exist in your dbt_project.yml file which do not apply to any resources.
There are 1 unused configuration paths:
- models.mkmall.example
[0m15:53:38.612686 [debug] [MainThread]: Sending event: {'category': 'dbt', 'action': 'load_project', 'label': '4344b751-acbb-4f37-a5d1-3b6e0feb6f32', 'context': [<snowplow_tracker.self_describing_json.SelfDescribingJson object at 0x00000261B67B8D10>]}
[0m15:53:38.671620 [debug] [MainThread]: Wrote artifact WritableManifest to C:\Snowflake_Training\mkmall\target\manifest.json
[0m15:53:38.673933 [debug] [MainThread]: Wrote artifact SemanticManifest to C:\Snowflake_Training\mkmall\target\semantic_manifest.json
[0m15:53:38.717152 [debug] [MainThread]: Sending event: {'category': 'dbt', 'action': 'resource_counts', 'label': '4344b751-acbb-4f37-a5d1-3b6e0feb6f32', 'context': [<snowplow_tracker.self_describing_json.SelfDescribingJson object at 0x00000261B6895D30>]}
[0m15:53:38.717152 [info ] [MainThread]: Found 1 model, 494 macros
[0m15:53:38.717152 [debug] [MainThread]: Sending event: {'category': 'dbt', 'action': 'runnable_timing', 'label': '4344b751-acbb-4f37-a5d1-3b6e0feb6f32', 'context': [<snowplow_tracker.self_describing_json.SelfDescribingJson object at 0x00000261B68BB530>]}
[0m15:53:38.717152 [info ] [MainThread]: 
[0m15:53:38.717152 [info ] [MainThread]: Concurrency: 3 threads (target='dev')
[0m15:53:38.717152 [info ] [MainThread]: 
[0m15:53:38.717152 [debug] [MainThread]: Acquiring new snowflake connection 'master'
[0m15:53:38.726714 [debug] [ThreadPool]: Acquiring new snowflake connection 'list_analytics'
[0m15:53:39.326087 [debug] [ThreadPool]: Using snowflake connection "list_analytics"
[0m15:53:39.326087 [debug] [ThreadPool]: On list_analytics: show terse schemas in database analytics
    limit 10000
/* {"app": "dbt", "dbt_version": "1.10.13", "profile_name": "mkmall", "target_name": "dev", "connection_name": "list_analytics"} */
[0m15:53:39.326087 [debug] [ThreadPool]: Opening a new connection, currently in state init
[0m15:53:41.243044 [debug] [ThreadPool]: SQL status: SUCCESS 2 in 1.918 seconds
[0m15:53:41.247050 [debug] [ThreadPool]: Acquiring new snowflake connection 'list_analytics_akanksha'
[0m15:53:41.262208 [debug] [ThreadPool]: Using snowflake connection "list_analytics_akanksha"
[0m15:53:41.262208 [debug] [ThreadPool]: On list_analytics_akanksha: show objects in analytics.akanksha
    limit 10000
    

/* {"app": "dbt", "dbt_version": "1.10.13", "profile_name": "mkmall", "target_name": "dev", "connection_name": "list_analytics_akanksha"} */;
[0m15:53:41.262208 [debug] [ThreadPool]: Opening a new connection, currently in state init
[0m15:53:43.095684 [debug] [ThreadPool]: SQL status: SUCCESS 2 in 1.833 seconds
[0m15:53:43.100099 [debug] [MainThread]: Sending event: {'category': 'dbt', 'action': 'runnable_timing', 'label': '4344b751-acbb-4f37-a5d1-3b6e0feb6f32', 'context': [<snowplow_tracker.self_describing_json.SelfDescribingJson object at 0x00000261B66C9B80>]}
[0m15:53:43.104118 [debug] [Thread-1 (]: Began running node model.mkmall.stg_customers
[0m15:53:43.104118 [info ] [Thread-1 (]: 1 of 1 START sql view model akanksha.stg_customers ............................. [RUN]
[0m15:53:43.109118 [debug] [Thread-1 (]: Acquiring new snowflake connection 'model.mkmall.stg_customers'
[0m15:53:43.109118 [debug] [Thread-1 (]: Began compiling node model.mkmall.stg_customers
[0m15:53:43.118655 [debug] [Thread-1 (]: Writing injected SQL for node "model.mkmall.stg_customers"
[0m15:53:43.118655 [debug] [Thread-1 (]: Began executing node model.mkmall.stg_customers
[0m15:53:43.149986 [debug] [Thread-1 (]: Writing runtime sql for node "model.mkmall.stg_customers"
[0m15:53:43.149986 [debug] [Thread-1 (]: Using snowflake connection "model.mkmall.stg_customers"
[0m15:53:43.149986 [debug] [Thread-1 (]: On model.mkmall.stg_customers: create or replace   view analytics.akanksha.stg_customers
  
  
  
  
  as (
    select * from sourcedb.mk_mall.customers
  )
/* {"app": "dbt", "dbt_version": "1.10.13", "profile_name": "mkmall", "target_name": "dev", "node_id": "model.mkmall.stg_customers"} */;
[0m15:53:43.149986 [debug] [Thread-1 (]: Opening a new connection, currently in state init
[0m15:53:45.251037 [debug] [Thread-1 (]: SQL status: SUCCESS 1 in 2.091 seconds
[0m15:53:45.279730 [debug] [Thread-1 (]: Sending event: {'category': 'dbt', 'action': 'run_model', 'label': '4344b751-acbb-4f37-a5d1-3b6e0feb6f32', 'context': [<snowplow_tracker.self_describing_json.SelfDescribingJson object at 0x00000261B1353170>]}
[0m15:53:45.281739 [info ] [Thread-1 (]: 1 of 1 OK created sql view model akanksha.stg_customers ........................ [[32mSUCCESS 1[0m in 2.17s]
[0m15:53:45.283249 [debug] [Thread-1 (]: Finished running node model.mkmall.stg_customers
[0m15:53:45.283249 [debug] [MainThread]: Connection 'master' was properly closed.
[0m15:53:45.285259 [debug] [MainThread]: Connection 'list_analytics' was left open.
[0m15:53:45.285259 [debug] [MainThread]: On list_analytics: Close
[0m15:53:45.942787 [debug] [MainThread]: Connection 'list_analytics_akanksha' was left open.
[0m15:53:45.958744 [debug] [MainThread]: On list_analytics_akanksha: Close
[0m15:53:46.671814 [debug] [MainThread]: Connection 'model.mkmall.stg_customers' was left open.
[0m15:53:46.671814 [debug] [MainThread]: On model.mkmall.stg_customers: Close
[0m15:53:47.390807 [info ] [MainThread]: 
[0m15:53:47.390807 [info ] [MainThread]: Finished running 1 view model in 0 hours 0 minutes and 8.67 seconds (8.67s).
[0m15:53:47.394855 [debug] [MainThread]: Command end result
[0m15:53:47.420535 [debug] [MainThread]: Wrote artifact WritableManifest to C:\Snowflake_Training\mkmall\target\manifest.json
[0m15:53:47.434488 [debug] [MainThread]: Wrote artifact SemanticManifest to C:\Snowflake_Training\mkmall\target\semantic_manifest.json
[0m15:53:47.440515 [debug] [MainThread]: Wrote artifact RunExecutionResult to C:\Snowflake_Training\mkmall\target\run_results.json
[0m15:53:47.442523 [info ] [MainThread]: 
[0m15:53:47.442523 [info ] [MainThread]: [32mCompleted successfully[0m
[0m15:53:47.442523 [info ] [MainThread]: 
[0m15:53:47.442523 [info ] [MainThread]: Done. PASS=1 WARN=0 ERROR=0 SKIP=0 NO-OP=0 TOTAL=1
[0m15:53:47.442523 [debug] [MainThread]: Command `dbt run` succeeded at 15:53:47.442523 after 10.85 seconds
[0m15:53:47.442523 [debug] [MainThread]: Sending event: {'category': 'dbt', 'action': 'invocation', 'label': 'end', 'context': [<snowplow_tracker.self_describing_json.SelfDescribingJson object at 0x00000261B171A240>, <snowplow_tracker.self_describing_json.SelfDescribingJson object at 0x00000261B451FBC0>, <snowplow_tracker.self_describing_json.SelfDescribingJson object at 0x00000261B451D7F0>]}
[0m15:53:47.442523 [debug] [MainThread]: Flushing usage events
[0m15:53:49.119236 [debug] [MainThread]: An error was encountered while trying to flush usage events
[0m16:42:26.694292 [debug] [MainThread]: Sending event: {'category': 'dbt', 'action': 'invocation', 'label': 'start', 'context': [<snowplow_tracker.self_describing_json.SelfDescribingJson object at 0x000001F4CF3D21E0>, <snowplow_tracker.self_describing_json.SelfDescribingJson object at 0x000001F4CFD861B0>, <snowplow_tracker.self_describing_json.SelfDescribingJson object at 0x000001F4CFD863C0>]}


============================== 16:42:26.694292 | f82e8c7d-999d-41ca-bb8e-946082d58714 ==============================
[0m16:42:26.694292 [info ] [MainThread]: Running with dbt=1.10.13
[0m16:42:26.694292 [debug] [MainThread]: running dbt with arguments {'use_colors': 'True', 'cache_selected_only': 'False', 'profiles_dir': 'C:\\Users\\AkankshaChouksey\\.dbt', 'target_path': 'None', 'no_print': 'None', 'warn_error': 'None', 'log_path': 'C:\\Snowflake_Training\\mkmall\\logs', 'partial_parse': 'True', 'static_parser': 'True', 'send_anonymous_usage_stats': 'True', 'indirect_selection': 'eager', 'warn_error_options': 'WarnErrorOptionsV2(error=[], warn=[], silence=[])', 'fail_fast': 'False', 'version_check': 'True', 'use_experimental_parser': 'False', 'introspect': 'True', 'quiet': 'False', 'empty': 'False', 'log_cache_events': 'False', 'debug': 'False', 'log_format': 'default', 'invocation_command': 'dbt run', 'printer_width': '80', 'write_json': 'True'}
[0m16:42:27.110351 [debug] [MainThread]: Snowflake adapter: Setting snowflake.connector to ERROR (file logging only)
[0m16:42:27.110351 [debug] [MainThread]: Snowflake adapter: Setting botocore to ERROR (file logging only)
[0m16:42:27.110351 [debug] [MainThread]: Snowflake adapter: Setting boto3 to ERROR (file logging only)
[0m16:42:27.333354 [debug] [MainThread]: Sending event: {'category': 'dbt', 'action': 'project_id', 'label': 'f82e8c7d-999d-41ca-bb8e-946082d58714', 'context': [<snowplow_tracker.self_describing_json.SelfDescribingJson object at 0x000001F4D01F2210>]}
[0m16:42:27.395196 [debug] [MainThread]: Sending event: {'category': 'dbt', 'action': 'adapter_info', 'label': 'f82e8c7d-999d-41ca-bb8e-946082d58714', 'context': [<snowplow_tracker.self_describing_json.SelfDescribingJson object at 0x000001F4D1BED370>]}
[0m16:42:27.395196 [info ] [MainThread]: Registered adapter: snowflake=1.10.3
[0m16:42:27.667514 [debug] [MainThread]: checksum: 9f0c81e2574b4ff463f3d16d080df83c6982fc0372c9feeacae0504ac9ea3ffe, vars: {}, profile: , target: , version: 1.10.13
[0m16:42:27.915815 [debug] [MainThread]: Partial parsing enabled: 0 files deleted, 0 files added, 1 files changed.
[0m16:42:27.915815 [debug] [MainThread]: Partial parsing: updated file: mkmall://models\stg_customers.sql
[0m16:42:28.169600 [warn ] [MainThread]: [[33mWARNING[0m]: Configuration paths exist in your dbt_project.yml file which do not apply to any resources.
There are 1 unused configuration paths:
- models.mkmall.example
[0m16:42:28.175231 [debug] [MainThread]: Sending event: {'category': 'dbt', 'action': 'load_project', 'label': 'f82e8c7d-999d-41ca-bb8e-946082d58714', 'context': [<snowplow_tracker.self_describing_json.SelfDescribingJson object at 0x000001F4D24E8C50>]}
[0m16:42:28.243905 [debug] [MainThread]: Wrote artifact WritableManifest to C:\Snowflake_Training\mkmall\target\manifest.json
[0m16:42:28.243905 [debug] [MainThread]: Wrote artifact SemanticManifest to C:\Snowflake_Training\mkmall\target\semantic_manifest.json
[0m16:42:28.288341 [debug] [MainThread]: Sending event: {'category': 'dbt', 'action': 'resource_counts', 'label': 'f82e8c7d-999d-41ca-bb8e-946082d58714', 'context': [<snowplow_tracker.self_describing_json.SelfDescribingJson object at 0x000001F4D222BD10>]}
[0m16:42:28.288341 [info ] [MainThread]: Found 1 model, 494 macros
[0m16:42:28.288341 [debug] [MainThread]: Sending event: {'category': 'dbt', 'action': 'runnable_timing', 'label': 'f82e8c7d-999d-41ca-bb8e-946082d58714', 'context': [<snowplow_tracker.self_describing_json.SelfDescribingJson object at 0x000001F4D206E4B0>]}
[0m16:42:28.293006 [info ] [MainThread]: 
[0m16:42:28.293006 [info ] [MainThread]: Concurrency: 3 threads (target='dev')
[0m16:42:28.294014 [info ] [MainThread]: 
[0m16:42:28.294014 [debug] [MainThread]: Acquiring new snowflake connection 'master'
[0m16:42:28.295530 [debug] [ThreadPool]: Acquiring new snowflake connection 'list_analytics'
[0m16:42:28.606156 [debug] [ThreadPool]: Using snowflake connection "list_analytics"
[0m16:42:28.622272 [debug] [ThreadPool]: On list_analytics: show terse schemas in database analytics
    limit 10000
/* {"app": "dbt", "dbt_version": "1.10.13", "profile_name": "mkmall", "target_name": "dev", "connection_name": "list_analytics"} */
[0m16:42:28.622272 [debug] [ThreadPool]: Opening a new connection, currently in state init
[0m16:42:30.498109 [debug] [ThreadPool]: SQL status: SUCCESS 2 in 1.877 seconds
[0m16:42:30.504232 [debug] [ThreadPool]: Acquiring new snowflake connection 'list_analytics_akanksha'
[0m16:42:30.522040 [debug] [ThreadPool]: Using snowflake connection "list_analytics_akanksha"
[0m16:42:30.524047 [debug] [ThreadPool]: On list_analytics_akanksha: show objects in analytics.akanksha
    limit 10000
    

/* {"app": "dbt", "dbt_version": "1.10.13", "profile_name": "mkmall", "target_name": "dev", "connection_name": "list_analytics_akanksha"} */;
[0m16:42:30.524047 [debug] [ThreadPool]: Opening a new connection, currently in state init
[0m16:42:32.128546 [debug] [ThreadPool]: SQL status: SUCCESS 3 in 1.605 seconds
[0m16:42:32.129567 [debug] [MainThread]: Sending event: {'category': 'dbt', 'action': 'runnable_timing', 'label': 'f82e8c7d-999d-41ca-bb8e-946082d58714', 'context': [<snowplow_tracker.self_describing_json.SelfDescribingJson object at 0x000001F4D24AAC90>]}
[0m16:42:32.137856 [debug] [Thread-1 (]: Began running node model.mkmall.stg_customers
[0m16:42:32.137856 [info ] [Thread-1 (]: 1 of 1 START sql view model akanksha.stg_customers ............................. [RUN]
[0m16:42:32.145873 [debug] [Thread-1 (]: Acquiring new snowflake connection 'model.mkmall.stg_customers'
[0m16:42:32.145873 [debug] [Thread-1 (]: Began compiling node model.mkmall.stg_customers
[0m16:42:32.145873 [debug] [Thread-1 (]: Writing injected SQL for node "model.mkmall.stg_customers"
[0m16:42:32.145873 [debug] [Thread-1 (]: Began executing node model.mkmall.stg_customers
[0m16:42:32.196799 [debug] [Thread-1 (]: Writing runtime sql for node "model.mkmall.stg_customers"
[0m16:42:32.196799 [debug] [Thread-1 (]: Using snowflake connection "model.mkmall.stg_customers"
[0m16:42:32.196799 [debug] [Thread-1 (]: On model.mkmall.stg_customers: create or replace   view analytics.akanksha.stg_customers
  
  
  
  
  as (
    select 
    c_custkey as customer_id,
    c_nationkey as nation_id,
    c_name as name,
    c_addresss as address,
    c_phone as phone_number,
    c_acctbal as account_balance,
    c_mktsegment as market_segment,
    c_comment as comment

from sourcedb.mk_mall.customers
  )
/* {"app": "dbt", "dbt_version": "1.10.13", "profile_name": "mkmall", "target_name": "dev", "node_id": "model.mkmall.stg_customers"} */;
[0m16:42:32.196799 [debug] [Thread-1 (]: Opening a new connection, currently in state init
[0m16:42:33.765857 [debug] [Thread-1 (]: Snowflake adapter: Snowflake query id: 01c05180-0306-f69c-0015-0a4b000909e6
[0m16:42:33.770493 [debug] [Thread-1 (]: Snowflake adapter: Snowflake error: 000904 (42000): SQL compilation error: error line 11 at position 4
invalid identifier 'C_ADDRESSS'
[0m16:42:33.790795 [debug] [Thread-1 (]: Database Error in model stg_customers (models\stg_customers.sql)
  000904 (42000): SQL compilation error: error line 11 at position 4
  invalid identifier 'C_ADDRESSS'
  compiled code at target\run\mkmall\models\stg_customers.sql
[0m16:42:33.797109 [debug] [Thread-1 (]: Sending event: {'category': 'dbt', 'action': 'run_model', 'label': 'f82e8c7d-999d-41ca-bb8e-946082d58714', 'context': [<snowplow_tracker.self_describing_json.SelfDescribingJson object at 0x000001F4CF41C980>]}
[0m16:42:33.801125 [error] [Thread-1 (]: 1 of 1 ERROR creating sql view model akanksha.stg_customers .................... [[31mERROR[0m in 1.65s]
[0m16:42:33.801125 [debug] [Thread-1 (]: Finished running node model.mkmall.stg_customers
[0m16:42:33.803258 [debug] [Thread-6 (]: Marking all children of 'model.mkmall.stg_customers' to be skipped because of status 'error'.  Reason: Database Error in model stg_customers (models\stg_customers.sql)
  000904 (42000): SQL compilation error: error line 11 at position 4
  invalid identifier 'C_ADDRESSS'
  compiled code at target\run\mkmall\models\stg_customers.sql.
[0m16:42:33.805264 [debug] [MainThread]: Connection 'master' was properly closed.
[0m16:42:33.805918 [debug] [MainThread]: Connection 'list_analytics' was left open.
[0m16:42:33.805918 [debug] [MainThread]: On list_analytics: Close
[0m16:42:35.702579 [debug] [MainThread]: Connection 'list_analytics_akanksha' was left open.
[0m16:42:35.702579 [debug] [MainThread]: On list_analytics_akanksha: Close
[0m16:42:36.259057 [debug] [MainThread]: Connection 'model.mkmall.stg_customers' was left open.
[0m16:42:36.259057 [debug] [MainThread]: On model.mkmall.stg_customers: Close
[0m16:42:36.833710 [info ] [MainThread]: 
[0m16:42:36.833710 [info ] [MainThread]: Finished running 1 view model in 0 hours 0 minutes and 8.54 seconds (8.54s).
[0m16:42:36.833710 [debug] [MainThread]: Command end result
[0m16:42:36.864698 [debug] [MainThread]: Wrote artifact WritableManifest to C:\Snowflake_Training\mkmall\target\manifest.json
[0m16:42:36.864698 [debug] [MainThread]: Wrote artifact SemanticManifest to C:\Snowflake_Training\mkmall\target\semantic_manifest.json
[0m16:42:36.879389 [debug] [MainThread]: Wrote artifact RunExecutionResult to C:\Snowflake_Training\mkmall\target\run_results.json
[0m16:42:36.879389 [info ] [MainThread]: 
[0m16:42:36.879389 [info ] [MainThread]: [31mCompleted with 1 error, 0 partial successes, and 0 warnings:[0m
[0m16:42:36.879389 [info ] [MainThread]: 
[0m16:42:36.879389 [error] [MainThread]: [31mFailure in model stg_customers (models\stg_customers.sql)[0m
[0m16:42:36.879389 [error] [MainThread]:   Database Error in model stg_customers (models\stg_customers.sql)
  000904 (42000): SQL compilation error: error line 11 at position 4
  invalid identifier 'C_ADDRESSS'
  compiled code at target\run\mkmall\models\stg_customers.sql
[0m16:42:36.879389 [info ] [MainThread]: 
[0m16:42:36.879389 [info ] [MainThread]:   compiled code at target\compiled\mkmall\models\stg_customers.sql
[0m16:42:36.879389 [info ] [MainThread]: 
[0m16:42:36.879389 [info ] [MainThread]: Done. PASS=0 WARN=0 ERROR=1 SKIP=0 NO-OP=0 TOTAL=1
[0m16:42:36.879389 [debug] [MainThread]: Command `dbt run` failed at 16:42:36.879389 after 10.45 seconds
[0m16:42:36.879389 [debug] [MainThread]: Sending event: {'category': 'dbt', 'action': 'invocation', 'label': 'end', 'context': [<snowplow_tracker.self_describing_json.SelfDescribingJson object at 0x000001F4CF6B9220>, <snowplow_tracker.self_describing_json.SelfDescribingJson object at 0x000001F4CFD861B0>, <snowplow_tracker.self_describing_json.SelfDescribingJson object at 0x000001F4CFD863C0>]}
[0m16:42:36.879389 [debug] [MainThread]: Flushing usage events
[0m16:42:38.301392 [debug] [MainThread]: An error was encountered while trying to flush usage events
[0m16:43:17.460277 [debug] [MainThread]: Sending event: {'category': 'dbt', 'action': 'invocation', 'label': 'start', 'context': [<snowplow_tracker.self_describing_json.SelfDescribingJson object at 0x000002042C257560>, <snowplow_tracker.self_describing_json.SelfDescribingJson object at 0x000002042A0AAC30>, <snowplow_tracker.self_describing_json.SelfDescribingJson object at 0x000002042CC58BC0>]}


============================== 16:43:17.477778 | c6986a7e-f97c-40b4-8b18-4168da994a1a ==============================
[0m16:43:17.477778 [info ] [MainThread]: Running with dbt=1.10.13
[0m16:43:17.479510 [debug] [MainThread]: running dbt with arguments {'invocation_command': 'dbt run', 'write_json': 'True', 'profiles_dir': 'C:\\Users\\AkankshaChouksey\\.dbt', 'log_format': 'default', 'cache_selected_only': 'False', 'warn_error': 'None', 'log_path': 'C:\\Snowflake_Training\\mkmall\\logs', 'partial_parse': 'True', 'fail_fast': 'False', 'send_anonymous_usage_stats': 'True', 'indirect_selection': 'eager', 'warn_error_options': 'WarnErrorOptionsV2(error=[], warn=[], silence=[])', 'static_parser': 'True', 'use_experimental_parser': 'False', 'version_check': 'True', 'introspect': 'True', 'quiet': 'False', 'empty': 'False', 'log_cache_events': 'False', 'debug': 'False', 'no_print': 'None', 'use_colors': 'True', 'printer_width': '80', 'target_path': 'None'}
[0m16:43:17.976945 [debug] [MainThread]: Snowflake adapter: Setting snowflake.connector to ERROR (file logging only)
[0m16:43:17.976945 [debug] [MainThread]: Snowflake adapter: Setting botocore to ERROR (file logging only)
[0m16:43:17.976945 [debug] [MainThread]: Snowflake adapter: Setting boto3 to ERROR (file logging only)
[0m16:43:18.210928 [debug] [MainThread]: Sending event: {'category': 'dbt', 'action': 'project_id', 'label': 'c6986a7e-f97c-40b4-8b18-4168da994a1a', 'context': [<snowplow_tracker.self_describing_json.SelfDescribingJson object at 0x000002042F052E70>]}
[0m16:43:18.282588 [debug] [MainThread]: Sending event: {'category': 'dbt', 'action': 'adapter_info', 'label': 'c6986a7e-f97c-40b4-8b18-4168da994a1a', 'context': [<snowplow_tracker.self_describing_json.SelfDescribingJson object at 0x000002042CCBB9E0>]}
[0m16:43:18.282588 [info ] [MainThread]: Registered adapter: snowflake=1.10.3
[0m16:43:18.526097 [debug] [MainThread]: checksum: 9f0c81e2574b4ff463f3d16d080df83c6982fc0372c9feeacae0504ac9ea3ffe, vars: {}, profile: , target: , version: 1.10.13
[0m16:43:18.784260 [debug] [MainThread]: Partial parsing enabled: 0 files deleted, 0 files added, 1 files changed.
[0m16:43:18.786267 [debug] [MainThread]: Partial parsing: updated file: mkmall://models\stg_customers.sql
[0m16:43:19.019694 [warn ] [MainThread]: [[33mWARNING[0m]: Configuration paths exist in your dbt_project.yml file which do not apply to any resources.
There are 1 unused configuration paths:
- models.mkmall.example
[0m16:43:19.019694 [debug] [MainThread]: Sending event: {'category': 'dbt', 'action': 'load_project', 'label': 'c6986a7e-f97c-40b4-8b18-4168da994a1a', 'context': [<snowplow_tracker.self_describing_json.SelfDescribingJson object at 0x000002042F718830>]}
[0m16:43:19.084184 [debug] [MainThread]: Wrote artifact WritableManifest to C:\Snowflake_Training\mkmall\target\manifest.json
[0m16:43:19.084184 [debug] [MainThread]: Wrote artifact SemanticManifest to C:\Snowflake_Training\mkmall\target\semantic_manifest.json
[0m16:43:19.116501 [debug] [MainThread]: Sending event: {'category': 'dbt', 'action': 'resource_counts', 'label': 'c6986a7e-f97c-40b4-8b18-4168da994a1a', 'context': [<snowplow_tracker.self_describing_json.SelfDescribingJson object at 0x000002042F4F1040>]}
[0m16:43:19.116501 [info ] [MainThread]: Found 1 model, 494 macros
[0m16:43:19.116501 [debug] [MainThread]: Sending event: {'category': 'dbt', 'action': 'runnable_timing', 'label': 'c6986a7e-f97c-40b4-8b18-4168da994a1a', 'context': [<snowplow_tracker.self_describing_json.SelfDescribingJson object at 0x000002042EA23DA0>]}
[0m16:43:19.116501 [info ] [MainThread]: 
[0m16:43:19.116501 [info ] [MainThread]: Concurrency: 3 threads (target='dev')
[0m16:43:19.116501 [info ] [MainThread]: 
[0m16:43:19.132527 [debug] [MainThread]: Acquiring new snowflake connection 'master'
[0m16:43:19.132527 [debug] [ThreadPool]: Acquiring new snowflake connection 'list_analytics'
[0m16:43:19.502747 [debug] [ThreadPool]: Using snowflake connection "list_analytics"
[0m16:43:19.502747 [debug] [ThreadPool]: On list_analytics: show terse schemas in database analytics
    limit 10000
/* {"app": "dbt", "dbt_version": "1.10.13", "profile_name": "mkmall", "target_name": "dev", "connection_name": "list_analytics"} */
[0m16:43:19.502747 [debug] [ThreadPool]: Opening a new connection, currently in state init
[0m16:43:21.484431 [debug] [ThreadPool]: SQL status: SUCCESS 2 in 1.979 seconds
[0m16:43:21.487978 [debug] [ThreadPool]: Acquiring new snowflake connection 'list_analytics_akanksha'
[0m16:43:21.502274 [debug] [ThreadPool]: Using snowflake connection "list_analytics_akanksha"
[0m16:43:21.504282 [debug] [ThreadPool]: On list_analytics_akanksha: show objects in analytics.akanksha
    limit 10000
    

/* {"app": "dbt", "dbt_version": "1.10.13", "profile_name": "mkmall", "target_name": "dev", "connection_name": "list_analytics_akanksha"} */;
[0m16:43:21.504282 [debug] [ThreadPool]: Opening a new connection, currently in state init
[0m16:43:22.913588 [debug] [ThreadPool]: SQL status: SUCCESS 3 in 1.412 seconds
[0m16:43:22.919296 [debug] [MainThread]: Sending event: {'category': 'dbt', 'action': 'runnable_timing', 'label': 'c6986a7e-f97c-40b4-8b18-4168da994a1a', 'context': [<snowplow_tracker.self_describing_json.SelfDescribingJson object at 0x000002042F22AE40>]}
[0m16:43:22.928256 [debug] [Thread-1 (]: Began running node model.mkmall.stg_customers
[0m16:43:22.929384 [info ] [Thread-1 (]: 1 of 1 START sql view model akanksha.stg_customers ............................. [RUN]
[0m16:43:22.929384 [debug] [Thread-1 (]: Acquiring new snowflake connection 'model.mkmall.stg_customers'
[0m16:43:22.929384 [debug] [Thread-1 (]: Began compiling node model.mkmall.stg_customers
[0m16:43:22.929384 [debug] [Thread-1 (]: Writing injected SQL for node "model.mkmall.stg_customers"
[0m16:43:22.929384 [debug] [Thread-1 (]: Began executing node model.mkmall.stg_customers
[0m16:43:22.984761 [debug] [Thread-1 (]: Writing runtime sql for node "model.mkmall.stg_customers"
[0m16:43:22.986772 [debug] [Thread-1 (]: Using snowflake connection "model.mkmall.stg_customers"
[0m16:43:22.986772 [debug] [Thread-1 (]: On model.mkmall.stg_customers: create or replace   view analytics.akanksha.stg_customers
  
  
  
  
  as (
    select 
    c_custkey as customer_id,
    c_nationkey as nation_id,
    c_name as name,
    c_address as address,
    c_phone as phone_number,
    c_acctbal as account_balance,
    c_mktsegment as market_segment,
    c_comment as comment

from sourcedb.mk_mall.customers
  )
/* {"app": "dbt", "dbt_version": "1.10.13", "profile_name": "mkmall", "target_name": "dev", "node_id": "model.mkmall.stg_customers"} */;
[0m16:43:22.986772 [debug] [Thread-1 (]: Opening a new connection, currently in state init
[0m16:43:24.535110 [debug] [Thread-1 (]: SQL status: SUCCESS 1 in 1.550 seconds
[0m16:43:24.565216 [debug] [Thread-1 (]: Sending event: {'category': 'dbt', 'action': 'run_model', 'label': 'c6986a7e-f97c-40b4-8b18-4168da994a1a', 'context': [<snowplow_tracker.self_describing_json.SelfDescribingJson object at 0x000002042C60C980>]}
[0m16:43:24.565216 [info ] [Thread-1 (]: 1 of 1 OK created sql view model akanksha.stg_customers ........................ [[32mSUCCESS 1[0m in 1.64s]
[0m16:43:24.565216 [debug] [Thread-1 (]: Finished running node model.mkmall.stg_customers
[0m16:43:24.581293 [debug] [MainThread]: Connection 'master' was properly closed.
[0m16:43:24.581293 [debug] [MainThread]: Connection 'list_analytics' was left open.
[0m16:43:24.581293 [debug] [MainThread]: On list_analytics: Close
[0m16:43:25.159936 [debug] [MainThread]: Connection 'list_analytics_akanksha' was left open.
[0m16:43:25.159936 [debug] [MainThread]: On list_analytics_akanksha: Close
[0m16:43:25.752627 [debug] [MainThread]: Connection 'model.mkmall.stg_customers' was left open.
[0m16:43:25.752627 [debug] [MainThread]: On model.mkmall.stg_customers: Close
[0m16:43:26.304933 [info ] [MainThread]: 
[0m16:43:26.304933 [info ] [MainThread]: Finished running 1 view model in 0 hours 0 minutes and 7.17 seconds (7.17s).
[0m16:43:26.304933 [debug] [MainThread]: Command end result
[0m16:43:26.327286 [debug] [MainThread]: Wrote artifact WritableManifest to C:\Snowflake_Training\mkmall\target\manifest.json
[0m16:43:26.336573 [debug] [MainThread]: Wrote artifact SemanticManifest to C:\Snowflake_Training\mkmall\target\semantic_manifest.json
[0m16:43:26.344649 [debug] [MainThread]: Wrote artifact RunExecutionResult to C:\Snowflake_Training\mkmall\target\run_results.json
[0m16:43:26.344649 [info ] [MainThread]: 
[0m16:43:26.344649 [info ] [MainThread]: [32mCompleted successfully[0m
[0m16:43:26.344649 [info ] [MainThread]: 
[0m16:43:26.344649 [info ] [MainThread]: Done. PASS=1 WARN=0 ERROR=0 SKIP=0 NO-OP=0 TOTAL=1
[0m16:43:26.344649 [debug] [MainThread]: Command `dbt run` succeeded at 16:43:26.344649 after 9.08 seconds
[0m16:43:26.344649 [debug] [MainThread]: Sending event: {'category': 'dbt', 'action': 'invocation', 'label': 'end', 'context': [<snowplow_tracker.self_describing_json.SelfDescribingJson object at 0x000002042D314050>, <snowplow_tracker.self_describing_json.SelfDescribingJson object at 0x000002042D03B440>, <snowplow_tracker.self_describing_json.SelfDescribingJson object at 0x000002042CF1A5A0>]}
[0m16:43:26.344649 [debug] [MainThread]: Flushing usage events
[0m16:43:27.935882 [debug] [MainThread]: An error was encountered while trying to flush usage events
[0m16:51:11.191967 [debug] [MainThread]: Sending event: {'category': 'dbt', 'action': 'invocation', 'label': 'start', 'context': [<snowplow_tracker.self_describing_json.SelfDescribingJson object at 0x000001D93FD294C0>, <snowplow_tracker.self_describing_json.SelfDescribingJson object at 0x000001D93DD3AAB0>, <snowplow_tracker.self_describing_json.SelfDescribingJson object at 0x000001D940D13D40>]}


============================== 16:51:11.200529 | 1f93fb24-59ea-4d6f-a153-f440b8dcb8fd ==============================
[0m16:51:11.200529 [info ] [MainThread]: Running with dbt=1.10.13
[0m16:51:11.200529 [debug] [MainThread]: running dbt with arguments {'profiles_dir': 'C:\\Users\\AkankshaChouksey\\.dbt', 'use_colors': 'True', 'target_path': 'None', 'no_print': 'None', 'cache_selected_only': 'False', 'warn_error': 'None', 'static_parser': 'True', 'partial_parse': 'True', 'indirect_selection': 'eager', 'send_anonymous_usage_stats': 'True', 'fail_fast': 'False', 'warn_error_options': 'WarnErrorOptionsV2(error=[], warn=[], silence=[])', 'log_path': 'C:\\Snowflake_Training\\mkmall\\logs', 'version_check': 'True', 'use_experimental_parser': 'False', 'quiet': 'False', 'introspect': 'True', 'empty': 'False', 'log_cache_events': 'False', 'debug': 'False', 'log_format': 'default', 'invocation_command': 'dbt run', 'printer_width': '80', 'write_json': 'True'}
[0m16:51:11.972268 [debug] [MainThread]: Snowflake adapter: Setting snowflake.connector to ERROR (file logging only)
[0m16:51:11.972268 [debug] [MainThread]: Snowflake adapter: Setting botocore to ERROR (file logging only)
[0m16:51:11.972268 [debug] [MainThread]: Snowflake adapter: Setting boto3 to ERROR (file logging only)
[0m16:51:12.417440 [debug] [MainThread]: Sending event: {'category': 'dbt', 'action': 'project_id', 'label': '1f93fb24-59ea-4d6f-a153-f440b8dcb8fd', 'context': [<snowplow_tracker.self_describing_json.SelfDescribingJson object at 0x000001D941161700>]}
[0m16:51:12.529422 [debug] [MainThread]: Sending event: {'category': 'dbt', 'action': 'adapter_info', 'label': '1f93fb24-59ea-4d6f-a153-f440b8dcb8fd', 'context': [<snowplow_tracker.self_describing_json.SelfDescribingJson object at 0x000001D942C43560>]}
[0m16:51:12.529422 [info ] [MainThread]: Registered adapter: snowflake=1.10.3
[0m16:51:12.927626 [debug] [MainThread]: checksum: 9f0c81e2574b4ff463f3d16d080df83c6982fc0372c9feeacae0504ac9ea3ffe, vars: {}, profile: , target: , version: 1.10.13
[0m16:51:13.199982 [info ] [MainThread]: Unable to do partial parsing because a project config has changed
[0m16:51:13.201994 [debug] [MainThread]: Sending event: {'category': 'dbt', 'action': 'partial_parser', 'label': '1f93fb24-59ea-4d6f-a153-f440b8dcb8fd', 'context': [<snowplow_tracker.self_describing_json.SelfDescribingJson object at 0x000001D94313DD60>]}
[0m16:51:14.622170 [warn ] [MainThread]: [[33mWARNING[0m]: Configuration paths exist in your dbt_project.yml file which do not apply to any resources.
There are 1 unused configuration paths:
- models.mkmall.example
[0m16:51:14.640256 [debug] [MainThread]: Sending event: {'category': 'dbt', 'action': 'load_project', 'label': '1f93fb24-59ea-4d6f-a153-f440b8dcb8fd', 'context': [<snowplow_tracker.self_describing_json.SelfDescribingJson object at 0x000001D9432BDF70>]}
[0m16:51:14.731753 [debug] [MainThread]: Wrote artifact WritableManifest to C:\Snowflake_Training\mkmall\target\manifest.json
[0m16:51:14.731753 [debug] [MainThread]: Wrote artifact SemanticManifest to C:\Snowflake_Training\mkmall\target\semantic_manifest.json
[0m16:51:14.779747 [debug] [MainThread]: Sending event: {'category': 'dbt', 'action': 'resource_counts', 'label': '1f93fb24-59ea-4d6f-a153-f440b8dcb8fd', 'context': [<snowplow_tracker.self_describing_json.SelfDescribingJson object at 0x000001D943248890>]}
[0m16:51:14.779747 [info ] [MainThread]: Found 1 model, 494 macros
[0m16:51:14.779747 [debug] [MainThread]: Sending event: {'category': 'dbt', 'action': 'runnable_timing', 'label': '1f93fb24-59ea-4d6f-a153-f440b8dcb8fd', 'context': [<snowplow_tracker.self_describing_json.SelfDescribingJson object at 0x000001D9432BC5C0>]}
[0m16:51:14.779747 [info ] [MainThread]: 
[0m16:51:14.779747 [info ] [MainThread]: Concurrency: 3 threads (target='dev')
[0m16:51:14.779747 [info ] [MainThread]: 
[0m16:51:14.790799 [debug] [MainThread]: Acquiring new snowflake connection 'master'
[0m16:51:14.793132 [debug] [ThreadPool]: Acquiring new snowflake connection 'list_analytics'
[0m16:51:15.518939 [debug] [ThreadPool]: Using snowflake connection "list_analytics"
[0m16:51:15.518939 [debug] [ThreadPool]: On list_analytics: show terse schemas in database analytics
    limit 10000
/* {"app": "dbt", "dbt_version": "1.10.13", "profile_name": "mkmall", "target_name": "dev", "connection_name": "list_analytics"} */
[0m16:51:15.518939 [debug] [ThreadPool]: Opening a new connection, currently in state init
[0m16:51:17.340535 [debug] [ThreadPool]: SQL status: SUCCESS 2 in 1.819 seconds
[0m16:51:17.343563 [debug] [ThreadPool]: Acquiring new snowflake connection 'list_analytics_akanksha'
[0m16:51:17.353408 [debug] [ThreadPool]: Using snowflake connection "list_analytics_akanksha"
[0m16:51:17.353408 [debug] [ThreadPool]: On list_analytics_akanksha: show objects in analytics.akanksha
    limit 10000
    

/* {"app": "dbt", "dbt_version": "1.10.13", "profile_name": "mkmall", "target_name": "dev", "connection_name": "list_analytics_akanksha"} */;
[0m16:51:17.353408 [debug] [ThreadPool]: Opening a new connection, currently in state init
[0m16:51:18.769178 [debug] [ThreadPool]: SQL status: SUCCESS 3 in 1.405 seconds
[0m16:51:18.778820 [debug] [MainThread]: Sending event: {'category': 'dbt', 'action': 'runnable_timing', 'label': '1f93fb24-59ea-4d6f-a153-f440b8dcb8fd', 'context': [<snowplow_tracker.self_describing_json.SelfDescribingJson object at 0x000001D94325EBD0>]}
[0m16:51:18.793725 [debug] [Thread-1 (]: Began running node model.mkmall.stg_customers
[0m16:51:18.793725 [info ] [Thread-1 (]: 1 of 1 START sql view model akanksha.stg_customers ............................. [RUN]
[0m16:51:18.793725 [debug] [Thread-1 (]: Acquiring new snowflake connection 'model.mkmall.stg_customers'
[0m16:51:18.793725 [debug] [Thread-1 (]: Began compiling node model.mkmall.stg_customers
[0m16:51:18.823907 [debug] [Thread-1 (]: Writing injected SQL for node "model.mkmall.stg_customers"
[0m16:51:18.827808 [debug] [Thread-1 (]: Began executing node model.mkmall.stg_customers
[0m16:51:18.900350 [debug] [Thread-1 (]: Writing runtime sql for node "model.mkmall.stg_customers"
[0m16:51:18.908894 [debug] [Thread-1 (]: Using snowflake connection "model.mkmall.stg_customers"
[0m16:51:18.908894 [debug] [Thread-1 (]: On model.mkmall.stg_customers: create or replace   view analytics.akanksha.stg_customers
  
  
  
  
  as (
    select 
    c_custkey as customer_id,
    c_nationkey as nation_id,
    c_name as name,
    c_address as address,
    c_phone as phone_number,
    c_acctbal as account_balance,
    c_mktsegment as market_segment,
    c_comment as comment

from sourcedb.mk_mall.customers
  )
/* {"app": "dbt", "dbt_version": "1.10.13", "profile_name": "mkmall", "target_name": "dev", "node_id": "model.mkmall.stg_customers"} */;
[0m16:51:18.912411 [debug] [Thread-1 (]: Opening a new connection, currently in state init
[0m16:51:20.423777 [debug] [Thread-1 (]: SQL status: SUCCESS 1 in 1.512 seconds
[0m16:51:20.463618 [debug] [Thread-1 (]: Sending event: {'category': 'dbt', 'action': 'run_model', 'label': '1f93fb24-59ea-4d6f-a153-f440b8dcb8fd', 'context': [<snowplow_tracker.self_describing_json.SelfDescribingJson object at 0x000001D94027C920>]}
[0m16:51:20.463618 [info ] [Thread-1 (]: 1 of 1 OK created sql view model akanksha.stg_customers ........................ [[32mSUCCESS 1[0m in 1.67s]
[0m16:51:20.463618 [debug] [Thread-1 (]: Finished running node model.mkmall.stg_customers
[0m16:51:20.463618 [debug] [MainThread]: Connection 'master' was properly closed.
[0m16:51:20.463618 [debug] [MainThread]: Connection 'list_analytics' was left open.
[0m16:51:20.463618 [debug] [MainThread]: On list_analytics: Close
[0m16:51:21.107698 [debug] [MainThread]: Connection 'list_analytics_akanksha' was left open.
[0m16:51:21.107698 [debug] [MainThread]: On list_analytics_akanksha: Close
[0m16:51:21.836415 [debug] [MainThread]: Connection 'model.mkmall.stg_customers' was left open.
[0m16:51:21.836415 [debug] [MainThread]: On model.mkmall.stg_customers: Close
[0m16:51:22.382034 [info ] [MainThread]: 
[0m16:51:22.382034 [info ] [MainThread]: Finished running 1 view model in 0 hours 0 minutes and 7.59 seconds (7.59s).
[0m16:51:22.382034 [debug] [MainThread]: Command end result
[0m16:51:22.431999 [debug] [MainThread]: Wrote artifact WritableManifest to C:\Snowflake_Training\mkmall\target\manifest.json
[0m16:51:22.436017 [debug] [MainThread]: Wrote artifact SemanticManifest to C:\Snowflake_Training\mkmall\target\semantic_manifest.json
[0m16:51:22.453043 [debug] [MainThread]: Wrote artifact RunExecutionResult to C:\Snowflake_Training\mkmall\target\run_results.json
[0m16:51:22.453043 [info ] [MainThread]: 
[0m16:51:22.456170 [info ] [MainThread]: [32mCompleted successfully[0m
[0m16:51:22.456752 [info ] [MainThread]: 
[0m16:51:22.458244 [info ] [MainThread]: Done. PASS=1 WARN=0 ERROR=0 SKIP=0 NO-OP=0 TOTAL=1
[0m16:51:22.458244 [debug] [MainThread]: Command `dbt run` succeeded at 16:51:22.458244 after 11.65 seconds
[0m16:51:22.458244 [debug] [MainThread]: Sending event: {'category': 'dbt', 'action': 'invocation', 'label': 'end', 'context': [<snowplow_tracker.self_describing_json.SelfDescribingJson object at 0x000001D940FDE2D0>, <snowplow_tracker.self_describing_json.SelfDescribingJson object at 0x000001D9409649B0>, <snowplow_tracker.self_describing_json.SelfDescribingJson object at 0x000001D94113DCD0>]}
[0m16:51:22.461160 [debug] [MainThread]: Flushing usage events
[0m16:51:24.593947 [debug] [MainThread]: An error was encountered while trying to flush usage events
[0m16:54:54.567155 [debug] [MainThread]: Sending event: {'category': 'dbt', 'action': 'invocation', 'label': 'start', 'context': [<snowplow_tracker.self_describing_json.SelfDescribingJson object at 0x00000227403970E0>, <snowplow_tracker.self_describing_json.SelfDescribingJson object at 0x000002273E1EAB70>, <snowplow_tracker.self_describing_json.SelfDescribingJson object at 0x000002273EB676E0>]}


============================== 16:54:54.582512 | c617329e-335d-4532-b705-bee8ac7cfe9e ==============================
[0m16:54:54.582512 [info ] [MainThread]: Running with dbt=1.10.13
[0m16:54:54.582512 [debug] [MainThread]: running dbt with arguments {'profiles_dir': 'C:\\Users\\AkankshaChouksey\\.dbt', 'cache_selected_only': 'False', 'log_format': 'default', 'invocation_command': 'dbt run', 'target_path': 'None', 'warn_error': 'None', 'log_path': 'C:\\Snowflake_Training\\mkmall\\logs', 'fail_fast': 'False', 'static_parser': 'True', 'send_anonymous_usage_stats': 'True', 'indirect_selection': 'eager', 'warn_error_options': 'WarnErrorOptionsV2(error=[], warn=[], silence=[])', 'partial_parse': 'True', 'use_experimental_parser': 'False', 'version_check': 'True', 'introspect': 'True', 'quiet': 'False', 'empty': 'False', 'log_cache_events': 'False', 'debug': 'False', 'no_print': 'None', 'use_colors': 'True', 'printer_width': '80', 'write_json': 'True'}
[0m16:54:55.147302 [debug] [MainThread]: Snowflake adapter: Setting snowflake.connector to ERROR (file logging only)
[0m16:54:55.147302 [debug] [MainThread]: Snowflake adapter: Setting botocore to ERROR (file logging only)
[0m16:54:55.147302 [debug] [MainThread]: Snowflake adapter: Setting boto3 to ERROR (file logging only)
[0m16:54:55.355396 [debug] [MainThread]: Sending event: {'category': 'dbt', 'action': 'project_id', 'label': 'c617329e-335d-4532-b705-bee8ac7cfe9e', 'context': [<snowplow_tracker.self_describing_json.SelfDescribingJson object at 0x0000022741831340>]}
[0m16:54:55.419191 [debug] [MainThread]: Sending event: {'category': 'dbt', 'action': 'adapter_info', 'label': 'c617329e-335d-4532-b705-bee8ac7cfe9e', 'context': [<snowplow_tracker.self_describing_json.SelfDescribingJson object at 0x0000022740DF9C40>]}
[0m16:54:55.426192 [info ] [MainThread]: Registered adapter: snowflake=1.10.3
[0m16:54:55.669575 [debug] [MainThread]: checksum: 9f0c81e2574b4ff463f3d16d080df83c6982fc0372c9feeacae0504ac9ea3ffe, vars: {}, profile: , target: , version: 1.10.13
[0m16:54:55.828839 [info ] [MainThread]: Unable to do partial parsing because a project config has changed
[0m16:54:55.828839 [debug] [MainThread]: Sending event: {'category': 'dbt', 'action': 'partial_parser', 'label': 'c617329e-335d-4532-b705-bee8ac7cfe9e', 'context': [<snowplow_tracker.self_describing_json.SelfDescribingJson object at 0x0000022743681910>]}
[0m16:54:56.926798 [debug] [MainThread]: Sending event: {'category': 'dbt', 'action': 'load_project', 'label': 'c617329e-335d-4532-b705-bee8ac7cfe9e', 'context': [<snowplow_tracker.self_describing_json.SelfDescribingJson object at 0x00000227437EDE80>]}
[0m16:54:56.971160 [debug] [MainThread]: Wrote artifact WritableManifest to C:\Snowflake_Training\mkmall\target\manifest.json
[0m16:54:56.984182 [debug] [MainThread]: Wrote artifact SemanticManifest to C:\Snowflake_Training\mkmall\target\semantic_manifest.json
[0m16:54:57.027338 [debug] [MainThread]: Sending event: {'category': 'dbt', 'action': 'resource_counts', 'label': 'c617329e-335d-4532-b705-bee8ac7cfe9e', 'context': [<snowplow_tracker.self_describing_json.SelfDescribingJson object at 0x00000227437D7200>]}
[0m16:54:57.027338 [info ] [MainThread]: Found 1 model, 494 macros
[0m16:54:57.027338 [debug] [MainThread]: Sending event: {'category': 'dbt', 'action': 'runnable_timing', 'label': 'c617329e-335d-4532-b705-bee8ac7cfe9e', 'context': [<snowplow_tracker.self_describing_json.SelfDescribingJson object at 0x0000022743808E00>]}
[0m16:54:57.033139 [info ] [MainThread]: 
[0m16:54:57.033139 [info ] [MainThread]: Concurrency: 3 threads (target='dev')
[0m16:54:57.033139 [info ] [MainThread]: 
[0m16:54:57.037950 [debug] [MainThread]: Acquiring new snowflake connection 'master'
[0m16:54:57.038331 [debug] [ThreadPool]: Acquiring new snowflake connection 'list_analytics'
[0m16:54:57.269046 [debug] [ThreadPool]: Using snowflake connection "list_analytics"
[0m16:54:57.269046 [debug] [ThreadPool]: On list_analytics: show terse schemas in database analytics
    limit 10000
/* {"app": "dbt", "dbt_version": "1.10.13", "profile_name": "mkmall", "target_name": "dev", "connection_name": "list_analytics"} */
[0m16:54:57.269046 [debug] [ThreadPool]: Opening a new connection, currently in state init
[0m16:54:58.930018 [debug] [ThreadPool]: SQL status: SUCCESS 2 in 1.662 seconds
[0m16:54:58.938971 [debug] [ThreadPool]: Acquiring new snowflake connection 'list_analytics_akanksha'
[0m16:54:58.945376 [debug] [ThreadPool]: Using snowflake connection "list_analytics_akanksha"
[0m16:54:58.945376 [debug] [ThreadPool]: On list_analytics_akanksha: show objects in analytics.akanksha
    limit 10000
    

/* {"app": "dbt", "dbt_version": "1.10.13", "profile_name": "mkmall", "target_name": "dev", "connection_name": "list_analytics_akanksha"} */;
[0m16:54:58.945376 [debug] [ThreadPool]: Opening a new connection, currently in state init
[0m16:55:00.466628 [debug] [ThreadPool]: SQL status: SUCCESS 3 in 1.510 seconds
[0m16:55:00.466628 [debug] [MainThread]: Sending event: {'category': 'dbt', 'action': 'runnable_timing', 'label': 'c617329e-335d-4532-b705-bee8ac7cfe9e', 'context': [<snowplow_tracker.self_describing_json.SelfDescribingJson object at 0x00000227431B30B0>]}
[0m16:55:00.479312 [debug] [Thread-1 (]: Began running node model.mkmall.stg_customers
[0m16:55:00.482355 [info ] [Thread-1 (]: 1 of 1 START sql table model akanksha.stg_customers ............................ [RUN]
[0m16:55:00.484365 [debug] [Thread-1 (]: Acquiring new snowflake connection 'model.mkmall.stg_customers'
[0m16:55:00.484365 [debug] [Thread-1 (]: Began compiling node model.mkmall.stg_customers
[0m16:55:00.493782 [debug] [Thread-1 (]: Writing injected SQL for node "model.mkmall.stg_customers"
[0m16:55:00.497347 [debug] [Thread-1 (]: Began executing node model.mkmall.stg_customers
[0m16:55:00.515889 [debug] [Thread-1 (]:  adapter: Dropping relation "ANALYTICS"."AKANKSHA"."STG_CUSTOMERS" because it is a view and target relation analytics.akanksha.stg_customers is of type table.
[0m16:55:00.524221 [debug] [Thread-1 (]: Applying DROP to: "ANALYTICS"."AKANKSHA"."STG_CUSTOMERS"
[0m16:55:00.534600 [debug] [Thread-1 (]: Using snowflake connection "model.mkmall.stg_customers"
[0m16:55:00.534600 [debug] [Thread-1 (]: On model.mkmall.stg_customers: drop view if exists "ANALYTICS"."AKANKSHA"."STG_CUSTOMERS" cascade
/* {"app": "dbt", "dbt_version": "1.10.13", "profile_name": "mkmall", "target_name": "dev", "node_id": "model.mkmall.stg_customers"} */
[0m16:55:00.534600 [debug] [Thread-1 (]: Opening a new connection, currently in state init
[0m16:55:02.927156 [debug] [Thread-1 (]: SQL status: SUCCESS 1 in 2.392 seconds
[0m16:55:02.945310 [debug] [Thread-1 (]: Writing runtime sql for node "model.mkmall.stg_customers"
[0m16:55:02.948896 [debug] [Thread-1 (]: Using snowflake connection "model.mkmall.stg_customers"
[0m16:55:02.948896 [debug] [Thread-1 (]: On model.mkmall.stg_customers: create or replace transient table analytics.akanksha.stg_customers
    
    
    
    as (select 
    c_custkey as customer_id,
    c_nationkey as nation_id,
    c_name as name,
    c_address as address,
    c_phone as phone_number,
    c_acctbal as account_balance,
    c_mktsegment as market_segment,
    c_comment as comment

from sourcedb.mk_mall.customers
    )

/* {"app": "dbt", "dbt_version": "1.10.13", "profile_name": "mkmall", "target_name": "dev", "node_id": "model.mkmall.stg_customers"} */;
[0m16:55:05.377210 [debug] [Thread-1 (]: SQL status: SUCCESS 1 in 2.430 seconds
[0m16:55:05.426363 [debug] [Thread-1 (]: Sending event: {'category': 'dbt', 'action': 'run_model', 'label': 'c617329e-335d-4532-b705-bee8ac7cfe9e', 'context': [<snowplow_tracker.self_describing_json.SelfDescribingJson object at 0x000002273E2F3050>]}
[0m16:55:05.426363 [info ] [Thread-1 (]: 1 of 1 OK created sql table model akanksha.stg_customers ....................... [[32mSUCCESS 1[0m in 4.93s]
[0m16:55:05.426363 [debug] [Thread-1 (]: Finished running node model.mkmall.stg_customers
[0m16:55:05.426363 [debug] [MainThread]: Connection 'master' was properly closed.
[0m16:55:05.426363 [debug] [MainThread]: Connection 'list_analytics' was left open.
[0m16:55:05.426363 [debug] [MainThread]: On list_analytics: Close
[0m16:55:06.097753 [debug] [MainThread]: Connection 'list_analytics_akanksha' was left open.
[0m16:55:06.097753 [debug] [MainThread]: On list_analytics_akanksha: Close
[0m16:55:06.705566 [debug] [MainThread]: Connection 'model.mkmall.stg_customers' was left open.
[0m16:55:06.705566 [debug] [MainThread]: On model.mkmall.stg_customers: Close
[0m16:55:07.325605 [info ] [MainThread]: 
[0m16:55:07.326614 [info ] [MainThread]: Finished running 1 table model in 0 hours 0 minutes and 10.29 seconds (10.29s).
[0m16:55:07.326614 [debug] [MainThread]: Command end result
[0m16:55:07.364603 [debug] [MainThread]: Wrote artifact WritableManifest to C:\Snowflake_Training\mkmall\target\manifest.json
[0m16:55:07.374294 [debug] [MainThread]: Wrote artifact SemanticManifest to C:\Snowflake_Training\mkmall\target\semantic_manifest.json
[0m16:55:07.390065 [debug] [MainThread]: Wrote artifact RunExecutionResult to C:\Snowflake_Training\mkmall\target\run_results.json
[0m16:55:07.390065 [info ] [MainThread]: 
[0m16:55:07.390065 [info ] [MainThread]: [32mCompleted successfully[0m
[0m16:55:07.390065 [info ] [MainThread]: 
[0m16:55:07.396501 [info ] [MainThread]: Done. PASS=1 WARN=0 ERROR=0 SKIP=0 NO-OP=0 TOTAL=1
[0m16:55:07.401710 [debug] [MainThread]: Command `dbt run` succeeded at 16:55:07.399930 after 13.14 seconds
[0m16:55:07.402634 [debug] [MainThread]: Sending event: {'category': 'dbt', 'action': 'invocation', 'label': 'end', 'context': [<snowplow_tracker.self_describing_json.SelfDescribingJson object at 0x000002274117A030>, <snowplow_tracker.self_describing_json.SelfDescribingJson object at 0x000002273ECF4860>, <snowplow_tracker.self_describing_json.SelfDescribingJson object at 0x000002273E1EAB70>]}
[0m16:55:07.402634 [debug] [MainThread]: Flushing usage events
[0m16:55:09.475814 [debug] [MainThread]: An error was encountered while trying to flush usage events
